1245,0,0,0,1871,1906,1315,0,0,0,189,879,1218,269,0,238,144,17,0
1471,179,0,0,1152,1878,1848,44,0,0,76,580,1259,465,0,123,173,20,0
794,0,0,0,2148,1933,141,0,0,0,455,1259,827,0,9,170,59,1168,0
0,0,1077,2271,2287,1991,0,0,87,947,2189,1908,0,122,230,76,840,1731,0
0,803,2224,2350,2327,2002,0,73,574,1983,2614,1936,0,640,117,321,1929,1776,0
0,16,1990,2313,2305,1999,0,0,231,1381,2482,1923,0,754,158,113,1599,1757,0
0,163,2192,2331,2320,2005,0,61,527,1967,2617,1936,0,663,118,301,1831,1773,0
0,12,1846,2304,2298,1989,0,0,225,1318,2466,1904,0,788,151,115,1607,1741,0
0,0,1714,2290,2293,1989,0,0,170,1103,2311,1904,0,247,235,84,880,1727,0
0,0,1203,2266,2281,1983,0,0,131,1045,2194,1904,0,99,242,106,1238,1731,0
0,123,2187,2333,2320,2000,0,62,752,2111,2655,1937,0,349,154,763,2103,1776,0
0,912,2241,2351,2325,2007,0,235,1106,2539,2666,1938,69,283,165,1341,2112,1776,0
0,176,2167,2326,2308,1999,0,17,423,1776,2509,1917,0,432,203,175,1598,1731,0
0,0,105,2055,2236,1947,0,0,0,398,1446,1753,0,0,379,150,151,1287,0
0,0,0,210,2141,1911,32,0,0,29,553,1193,914,18,0,368,99,49,0
1305,0,0,0,1666,1893,1580,0,0,0,169,723,1186,304,0,176,209,26,0
1455,291,0,0,822,1862,1803,277,0,0,60,496,1258,1111,0,6,325,30,0
1535,583,0,0,121,1826,2007,592,0,0,0,317,1291,1590,3,0,433,18,0
1574,1371,0,0,26,1696,2035,1173,0,0,0,110,1328,1893,244,0,480,89,0
1611,1851,128,0,0,1390,2074,2357,0,0,0,30,1350,2001,306,0,238,134,0
1600,1901,290,0,0,1136,2083,2419,16,0,0,31,1347,2001,263,0,578,62,0
1535,560,0,0,87,1840,2021,836,0,0,0,112,1328,1881,177,0,619,65,0
1612,1899,188,0,0,1235,2086,2447,3,0,0,0,1371,2075,567,0,89,169,0
1535,464,0,0,304,1872,1957,88,0,0,39,481,1271,1037,0,26,335,16,0
1583,1702,0,0,0,1616,2075,2219,0,0,0,16,1369,2061,461,0,174,166,0
1636,2015,431,0,0,268,2119,2608,171,0,0,0,1389,2103,1010,0,26,230,0
1577,919,0,0,81,1854,2002,451,0,0,1,374,1294,1339,0,10,333,16,0
1311,0,0,0,1990,1915,818,0,0,0,274,1072,1005,0,0,509,68,22,0
0,0,0,751,2186,1942,0,0,0,135,848,1586,97,0,336,144,69,1244,0
0,0,163,2231,2266,1983,0,0,48,688,1936,1893,0,53,359,71,383,1724,0
0,0,6,2038,2234,1961,0,0,0,272,1119,1728,0,0,400,162,67,1055,0
479,0,0,82,2107,1908,445,0,0,0,276,1012,1008,111,0,511,88,23,0
1335,0,0,0,1643,1883,1616,0,0,0,154,697,1189,303,0,259,208,20,0
1504,336,0,0,553,1870,1936,306,0,0,16,401,1281,1470,0,0,464,17,0
1598,1773,0,0,0,1517,2065,2229,0,0,0,24,1360,2032,336,0,291,138,0
1619,1991,432,0,0,297,2112,2539,217,0,0,0,1371,2065,844,0,34,178,0
1590,1792,0,0,0,1578,2045,1535,0,0,0,112,1313,1755,90,0,494,42,0
1535,619,0,0,124,1841,1979,506,0,0,21,492,1246,925,0,19,283,26,0
1394,195,0,0,1389,1875,1680,30,0,0,141,640,1221,439,0,42,257,26,0
1374,187,0,0,1510,1882,1634,0,0,0,176,789,1149,276,0,279,174,31,0
1166,0,0,2,1811,1904,727,0,0,0,381,1101,956,89,0,382,100,57,0
0,0,0,229,2153,1922,0,0,0,96,786,1335,608,0,29,244,85,496,0
0,0,0,1475,2199,1936,0,0,0,277,1085,1687,0,0,176,172,131,1291,0
0,0,0,1776,2226,1947,0,0,0,375,1449,1761,0,0,470,129,272,1344,0
0,0,83,2075,2240,1954,0,0,0,511,1683,1781,0,0,469,102,277,1366,0
0,0,0,1295,2196,1939,0,0,0,105,726,1355,677,0,0,294,67,109,0
1285,0,0,0,1744,1895,1594,0,0,0,157,731,1205,286,0,257,176,17,0
1390,58,0,0,1577,1889,1680,0,0,0,130,639,1221,353,0,122,212,18,0
1335,0,0,0,1717,1895,1600,0,0,0,164,801,1200,283,0,318,150,17,0
1442,104,0,0,1481,1885,1749,0,0,0,54,505,1281,1160,0,0,368,21,0
1570,1069,0,0,0,1821,2044,912,0,0,0,177,1342,1792,22,0,528,34,0
1600,1847,0,0,0,1467,2081,2352,0,0,0,25,1359,2043,336,0,223,130,0
1601,1823,0,0,0,1616,2043,1383,0,0,0,147,1317,1734,16,0,464,36,0
1567,1488,0,0,0,1520,2034,2057,0,0,0,44,1337,1997,288,0,118,133,0
1584,1859,214,0,0,1369,2058,2288,0,0,0,66,1317,1869,189,0,432,58,0
1594,1873,294,0,0,955,2076,2431,100,0,0,15,1335,2027,405,0,59,144,0
1527,443,0,0,219,1857,1850,310,0,0,67,535,1243,832,0,11,304,30,0
1505,383,0,0,279,1859,1904,440,0,0,16,454,1259,1355,0,0,353,35,0
1423,254,0,0,1324,1873,1668,30,0,0,147,689,1191,377,0,53,257,26,0
1446,284,0,0,1426,1882,1598,0,0,0,299,1065,927,46,0,314,89,106,0
0,0,0,1622,2209,1943,0,0,0,378,1472,1763,0,0,496,114,305,1409,0
0,0,0,1446,2198,1938,0,0,0,123,807,1385,696,0,0,282,69,82,0
0,0,0,1616,2213,1946,0,0,0,285,1242,1746,0,0,413,110,112,1303,0
284,0,0,89,2112,1914,325,0,0,0,335,1079,1008,158,0,475,102,23,0
1456,208,0,0,1136,1875,1758,42,0,0,85,563,1241,827,0,16,297,19,0
1486,250,0,0,1018,1875,1773,10,0,0,97,595,1238,655,0,27,263,16,0
1436,125,0,0,1422,1881,1761,0,0,0,79,565,1245,826,0,18,272,16,0
1390,0,0,0,1637,1893,1697,0,0,0,120,682,1227,397,0,102,201,14,0
1447,35,0,0,1533,1887,1741,0,0,0,89,608,1238,592,0,61,225,15,0
1349,0,0,0,1699,1895,1668,0,0,0,113,674,1233,390,0,141,185,14,0
1435,0,0,0,1584,1891,1739,0,0,0,101,646,1234,464,0,80,214,13,0
1535,547,0,0,96,1842,2000,576,0,0,0,263,1285,1607,0,0,458,18,0
1365,0,0,0,1775,1904,1662,0,0,0,80,610,1273,1210,0,0,437,15,0
1591,1683,0,0,13,1851,1989,178,0,0,61,595,1245,381,0,214,166,14,0
1531,341,0,0,1009,1882,1763,0,0,0,138,786,1200,236,0,529,79,16,0
0,0,0,2169,2251,1971,0,0,0,535,1845,1884,0,0,453,60,303,1701,0
0,0,0,993,2198,1941,0,0,0,0,439,1198,976,0,0,525,71,17,0
1477,178,0,0,1347,1873,1712,0,0,0,146,752,1177,257,0,509,112,19,0
448,0,0,0,2013,1904,1193,0,0,0,182,853,1175,282,0,169,206,18,0
1114,0,0,0,1759,1903,1522,0,0,0,170,781,1200,343,0,23,240,21,0
1488,326,0,0,869,1873,1719,35,0,0,144,709,1195,286,0,278,132,29,0
1328,0,0,0,1559,1887,1689,21,0,0,103,610,1233,766,0,7,297,22,0
1354,102,0,0,1629,1887,1409,0,0,0,304,1054,951,73,0,342,92,75,0
0,0,0,1700,2215,1937,0,0,0,454,1663,1779,0,0,421,111,369,1665,0
0,23,1775,2304,2290,1986,0,0,303,1595,2471,1905,0,133,242,126,1181,1727,0
0,0,0,1104,2187,1931,0,0,0,133,834,1348,721,0,0,293,82,96,0
1094,0,0,0,1762,1894,1271,0,0,0,194,841,1147,283,0,157,218,27,0
1440,299,0,0,886,1870,1744,217,0,0,76,532,1227,1040,0,9,332,32,0
1498,355,0,0,761,1869,1727,64,0,0,135,656,1195,327,0,145,208,26,0
1492,361,0,0,405,1857,1936,450,0,0,0,400,1275,1557,0,0,395,34,0
1293,0,0,0,1786,1903,938,0,0,0,304,1042,1018,203,0,434,128,23,0
1527,559,0,0,97,1813,1999,825,0,0,0,181,1290,1702,69,0,496,37,0
1392,43,0,0,1598,1889,1657,0,0,0,138,682,1206,352,0,182,201,16,0
1331,0,0,0,1711,1889,1635,0,0,0,118,639,1235,698,0,39,305,16,0
1526,449,0,0,368,1856,1889,112,0,0,64,482,1232,700,0,97,251,13,0
1519,373,0,0,378,1853,1939,290,0,0,23,441,1250,1149,0,35,307,13,0
1438,134,0,0,1396,1875,1755,27,0,0,45,464,1263,1332,0,0,384,18,0
1519,380,0,0,387,1859,1920,256,0,0,37,468,1251,1039,0,45,295,16,0
1342,0,0,0,1739,1894,1567,0,0,0,160,802,1178,258,0,502,120,16,0
545,0,0,61,2132,1920,226,0,0,0,335,1122,998,32,0,528,68,17,0
1485,198,0,0,1073,1872,1823,35,0,0,46,475,1259,1210,0,21,367,14,0
1488,218,0,0,1231,1872,1767,0,0,0,90,595,1228,464,0,235,205,12,0
321,0,0,128,2146,1923,0,0,0,26,559,1275,848,0,0,279,59,164,0
0,0,0,164,2153,1919,204,0,0,0,261,998,1107,221,0,561,124,13,0
336,0,0,141,2157,1930,0,0,0,40,599,1286,838,0,0,293,57,82,0
0,0,0,1666,2207,1945,0,0,0,94,720,1326,817,0,0,351,59,48,0
1501,306,0,0,483,1856,1979,434,0,0,0,304,1294,1627,0,0,546,34,0
1590,1817,0,0,0,1499,2058,1898,0,0,0,64,1323,1906,183,0,587,48,0
1483,176,0,0,1472,1890,1668,0,0,0,123,661,1246,855,0,0,302,27,0
1573,1630,0,0,0,1494,2043,2166,0,0,0,47,1334,1975,245,0,238,82,0
1489,304,0,0,1073,1877,1725,0,0,0,141,752,1200,279,0,125,151,25,0
0,0,0,419,2181,1936,0,0,0,176,987,1630,166,0,29,192,83,894,0
1344,0,0,0,1490,1884,1705,22,0,0,95,609,1232,801,0,0,294,26,0
1501,321,0,0,743,1872,1775,25,0,0,131,697,1209,286,0,249,128,25,0
0,0,0,256,2171,1929,0,0,0,96,801,1408,637,0,0,267,66,112,0
1296,0,0,0,1663,1887,1755,0,0,0,42,487,1275,1366,0,0,414,15,0
1601,1856,6,0,0,1392,2078,2413,0,0,0,11,1349,2032,304,0,452,80,0
1555,732,0,0,5,1833,2037,990,0,0,0,83,1334,1943,144,0,641,48,0
1521,338,0,0,646,1872,1925,0,0,0,48,551,1251,759,0,37,250,8,0
1243,0,0,0,2126,1925,241,0,0,0,400,1193,967,0,0,453,55,26,0
0,0,0,1056,2194,1943,0,0,0,122,823,1481,363,0,90,209,64,469,0
0,0,0,1374,2187,1931,0,0,0,182,837,1402,448,0,128,246,70,300,0
464,0,0,112,1956,1894,831,0,0,0,197,815,1105,290,0,475,238,19,0
1399,269,0,0,1291,1863,1699,101,0,0,112,529,1197,867,0,128,320,22,0
1507,483,0,0,194,1815,1922,583,0,0,10,289,1245,1584,19,0,505,58,0
1531,1193,0,0,85,1728,1980,1008,0,0,0,119,1271,1698,170,0,559,64,0
1535,1616,0,0,0,1490,2007,1701,0,0,0,62,1274,1785,225,0,582,75,0
1453,289,0,0,1393,1872,1631,0,0,0,167,767,1104,267,0,542,144,19,0
26,0,0,243,2149,1915,0,0,0,97,727,1297,658,0,57,262,75,238,0
1297,0,0,0,1744,1897,1671,0,0,0,77,575,1283,1117,0,0,352,16,0
1600,1873,0,0,0,1398,2086,2423,0,0,0,0,1361,2069,538,0,151,155,0
1594,1856,0,0,0,1516,2061,1807,0,0,0,84,1311,1769,49,0,624,34,0
1535,543,0,0,138,1853,1957,448,0,0,16,474,1257,1303,0,0,327,27,0
1485,277,0,0,918,1875,1764,55,0,0,80,602,1249,960,0,0,317,29,0
1535,1360,0,0,0,1573,2021,1461,0,0,0,101,1314,1875,210,0,378,74,0
1563,1740,0,0,0,1493,2034,1842,0,0,0,90,1310,1916,238,0,298,91,0
1584,1809,0,0,0,1449,2032,2179,0,0,0,57,1317,1957,249,0,272,91,0
1581,1806,0,0,0,1447,2033,2192,0,0,0,50,1325,1957,252,0,272,94,0
1570,1802,0,0,0,1449,2032,2179,0,0,0,56,1316,1950,247,0,274,93,0
1573,1805,0,0,0,1446,2039,2176,0,0,0,55,1311,1950,246,0,274,92,0
1584,1808,0,0,0,1446,2039,2183,0,0,0,51,1309,1840,154,0,417,47,0
1424,191,0,0,1535,1887,1613,0,0,0,195,887,1153,259,0,186,158,29,0
1088,0,0,0,1954,1906,646,0,0,0,357,1142,976,0,0,411,67,43,0
0,0,0,363,2187,1937,0,0,0,46,692,1371,706,0,0,240,59,222,0
1348,0,0,0,1793,1907,1634,0,0,0,117,720,1242,407,0,69,190,7,0
1535,323,0,0,199,1872,1994,241,0,0,0,391,1296,1527,0,0,442,16,0
1585,1603,0,0,0,1776,2064,1527,0,0,0,75,1333,1968,93,0,630,33,0
1600,1839,0,0,0,1740,2059,1083,0,0,0,178,1312,1742,0,0,603,18,0
1429,0,0,0,1817,1909,1075,0,0,0,300,1130,998,0,0,444,59,37,0
162,0,0,135,2153,1921,46,0,0,17,454,1195,926,0,0,432,64,43,0
583,0,0,29,2065,1905,846,0,0,0,175,794,1185,306,0,321,229,15,0
1552,1344,0,0,0,1776,2019,1087,0,0,0,119,1296,1728,55,0,608,31,0
1518,477,0,0,75,1813,2019,1355,0,0,0,32,1328,2002,368,0,304,148,0
1535,628,0,0,153,1856,1964,323,0,0,21,459,1254,1041,0,43,286,14,0
851,0,0,31,2119,1915,164,0,0,14,493,1233,896,0,0,331,64,85,0
0,0,0,913,2186,1933,0,0,0,190,928,1535,272,0,42,225,87,623,0
1362,184,0,0,1306,1879,1716,112,0,0,70,527,1237,1215,0,0,351,27,0
1535,978,0,0,74,1783,1993,805,0,0,0,233,1282,1665,48,0,448,45,0
1475,286,0,0,1303,1877,1674,0,0,0,148,739,1183,266,0,488,124,17,0
109,0,0,151,2158,1923,0,0,0,22,529,1248,902,0,0,425,64,32,0
1267,0,0,0,1872,1900,1211,0,0,0,187,880,1147,249,0,511,143,15,0
1265,0,0,0,1907,1904,803,0,0,0,313,1105,960,0,0,441,64,42,0
1226,0,0,0,1878,1901,1083,0,0,0,221,947,1056,185,0,511,96,21,0
504,0,0,48,2071,1904,757,0,0,0,204,890,1105,240,0,550,123,21,0
170,0,0,113,2106,1909,368,0,0,0,305,1047,978,127,0,496,91,25,0
859,0,0,15,1984,1904,794,0,0,0,239,951,1034,207,0,530,108,21,0
27,0,0,206,2158,1926,0,0,0,74,698,1313,641,0,55,241,65,403,0
0,0,0,1699,2209,1942,0,0,0,249,1073,1718,0,0,449,143,75,1255,0
0,0,237,2229,2256,1968,0,0,55,721,1914,1885,0,49,445,80,308,1678,0
0,0,14,1776,2214,1941,0,0,0,320,1189,1712,0,0,388,179,96,1245,0
0,0,0,234,2147,1918,0,0,0,70,754,1285,782,0,0,259,89,237,0
0,0,0,204,2144,1917,0,0,0,192,901,1484,340,0,64,229,87,864,0
170,0,0,150,2113,1907,85,0,0,16,567,1221,889,0,0,318,82,81,0
0,0,0,406,2170,1934,0,0,0,273,1109,1709,0,0,100,197,80,814,0
215,0,0,106,2131,1919,128,0,0,0,433,1172,954,0,0,383,80,42,0
272,0,0,112,2129,1915,112,0,0,0,487,1207,927,0,0,378,74,48,0
293,0,0,107,2126,1911,112,0,0,5,485,1203,910,0,0,378,75,48,0
309,0,0,109,2127,1918,112,0,0,0,487,1206,917,0,0,377,77,47,0
285,0,0,102,2124,1909,99,0,0,0,482,1201,909,0,0,375,70,45,0
283,0,0,99,2123,1906,98,0,0,0,486,1202,907,0,0,371,73,43,0
283,0,0,106,2121,1907,95,0,0,1,483,1200,910,0,0,369,71,41,0
286,0,0,105,2125,1908,99,0,0,0,477,1195,893,0,0,357,70,48,0
0,0,0,1008,2180,1930,0,0,0,183,891,1467,294,0,67,192,73,1036,0
0,0,1314,2271,2283,1981,0,0,210,1424,2486,1919,0,610,117,177,1675,1757,0
0,4,1979,2299,2298,1989,0,0,207,1307,2441,1907,0,193,202,90,992,1718,0
0,0,0,1664,2197,1936,0,0,0,78,667,1279,885,0,0,423,64,22,0
1427,139,0,0,1392,1874,1739,0,0,0,64,524,1247,1187,0,0,346,14,0
1477,242,0,0,1505,1882,1580,0,0,0,210,966,1010,111,0,418,75,34,0
0,0,71,2193,2249,1965,0,0,0,795,1957,1889,0,0,244,103,1085,1733,0
0,0,402,2249,2263,1968,0,0,0,725,1872,1830,0,0,242,107,193,1306,0
773,0,0,0,1825,1899,1201,0,0,0,217,923,1155,262,0,71,190,23,0
1398,208,0,0,781,1871,1841,192,0,0,28,511,1241,1401,0,0,305,28,0
1444,144,0,0,1569,1885,1633,0,0,0,170,869,1143,227,0,321,141,15,0
1479,237,0,0,944,1872,1783,0,0,0,107,658,1202,290,0,289,134,11,0
1461,170,0,0,1213,1873,1782,0,0,0,76,577,1232,607,0,48,238,10,0
1431,110,0,0,1349,1878,1769,0,0,0,75,576,1229,657,0,42,229,9,0
1361,0,0,0,1663,1888,1726,0,0,0,64,551,1243,878,0,0,266,11,0
1279,0,0,0,1827,1899,1614,0,0,0,108,662,1223,437,0,58,197,6,0
1481,189,0,0,967,1875,1887,0,0,0,64,589,1230,462,0,97,171,11,0
1455,139,0,0,1307,1878,1765,0,0,0,82,594,1230,721,0,0,272,15,0
1471,151,0,0,1503,1885,1689,0,0,0,126,711,1200,304,0,122,166,13,0
1425,105,0,0,1200,1874,1789,0,0,0,76,576,1232,775,0,0,272,15,0
1263,0,0,0,1890,1904,1211,0,0,0,195,938,1143,202,0,368,117,13,0
1463,104,0,0,1606,1889,1615,0,0,0,220,1014,1009,69,0,432,77,32,0
0,0,90,2194,2245,1965,0,0,0,594,1775,1782,0,0,115,141,99,1199,0
1414,209,0,0,740,1871,1810,74,0,0,80,669,1200,293,0,67,142,28,0
0,0,80,2207,2252,1968,0,0,189,1463,2480,1915,0,318,143,329,1744,1760,0
0,0,1136,2259,2277,1982,0,0,0,372,1473,1766,0,0,345,126,56,803,0
1423,175,0,0,1132,1861,1835,222,0,0,5,316,1254,1618,0,0,634,27,0
1319,0,0,0,1681,1882,1652,0,0,0,64,475,1236,1453,0,0,532,15,0
1330,0,0,0,2029,1904,241,0,0,16,510,1267,743,0,83,179,53,1110,0
23,0,0,93,2118,1904,510,0,0,0,209,937,1059,174,0,538,79,16,0
0,0,433,2224,2255,1963,0,0,101,1007,2030,1889,0,64,315,101,477,1712,0
0,0,0,1661,2201,1940,0,0,0,64,656,1263,901,0,0,454,81,16,0
0,0,82,2205,2251,1968,0,0,66,962,2143,1899,0,123,201,112,1555,1739,0
0,0,1873,2298,2294,1987,0,0,151,1113,2279,1899,0,11,328,70,307,1683,0
0,0,0,483,2179,1934,0,0,0,21,530,1259,911,0,0,462,57,16,0
1289,0,0,0,1914,1902,1127,0,0,0,186,893,1096,208,0,576,108,7,0
1312,0,0,0,1767,1888,1133,0,0,0,225,961,961,112,0,478,79,26,0
0,0,0,2070,2234,1962,0,0,0,489,1798,1872,0,0,391,59,334,1708,0
0,0,0,2080,2236,1963,0,0,0,281,1227,1744,0,0,272,130,65,1211,0
0,0,0,1701,2211,1947,0,0,0,321,1440,1773,0,0,594,77,173,1353,0
0,0,0,1790,2219,1952,0,0,0,398,1650,1808,0,0,501,69,272,1589,0
0,0,0,1586,2201,1938,0,0,0,218,1010,1693,45,0,81,174,64,656,0
0,0,0,694,2179,1935,0,0,0,182,954,1673,0,0,272,130,77,1269,0
0,0,0,1279,2191,1936,0,0,0,143,832,1447,486,0,15,229,64,396,0
0,0,0,983,2190,1936,0,0,0,217,1018,1695,0,0,167,144,80,1275,0
0,0,0,1777,2221,1947,0,0,0,333,1357,1747,0,0,125,144,95,1263,0
450,0,0,62,1997,1904,590,0,0,0,300,1023,1019,200,0,372,130,22,0
1233,0,0,6,1806,1897,371,0,0,24,610,1237,743,0,41,237,83,837,0
0,0,685,2245,2259,1969,0,0,181,1219,2320,1901,0,121,235,131,1535,1733,0
0,0,119,2176,2239,1962,0,0,9,686,1888,1872,0,0,330,81,497,1721,0
0,0,853,2258,2275,1981,0,0,16,631,1893,1877,0,0,549,55,177,1445,0
0,0,0,371,2177,1936,0,0,0,0,428,1183,969,0,0,503,63,16,0
1378,0,0,0,1616,1885,1700,0,0,0,83,590,1222,641,0,68,249,10,0
1503,414,0,0,144,1847,1968,407,0,0,0,315,1264,1585,0,0,533,16,0
1535,1585,0,0,0,1744,1997,976,0,0,0,154,1275,1697,40,0,592,26,0
1511,503,0,0,100,1840,1978,566,0,0,0,253,1279,1627,0,0,554,21,0
1535,1754,0,0,0,1431,2037,2384,0,0,0,6,1315,2006,391,0,377,138,0
1589,1968,369,0,0,605,2064,2496,96,0,0,0,1329,2059,949,0,46,251,0
1589,1979,400,0,0,675,2064,2464,4,0,0,0,1328,2021,430,0,349,127,0
1558,1774,0,0,0,1675,2022,1556,0,0,0,60,1296,1884,133,0,665,32,0
1506,444,0,0,170,1849,1963,403,0,0,0,336,1258,1515,0,0,443,11,0
1456,184,0,0,1271,1873,1746,0,0,0,80,562,1217,586,0,138,224,10,0
603,0,0,96,2142,1921,0,0,0,45,658,1330,478,0,64,181,63,885,0
0,0,0,336,2164,1929,0,0,0,28,556,1240,887,0,0,404,64,35,0
1200,0,0,0,1831,1895,1344,0,0,0,170,818,1162,267,0,351,162,15,0
1489,368,0,0,302,1853,1935,395,0,0,7,379,1244,1465,0,0,437,18,0
1520,1377,0,0,1,1597,1994,1469,0,0,0,64,1281,1825,233,0,572,98,0
1557,1834,256,0,0,1285,2028,2368,27,0,0,22,1301,1981,329,0,252,163,0
1522,1511,0,0,2,1607,1978,1216,0,0,0,131,1266,1680,98,0,483,47,0
1454,358,0,0,683,1861,1715,202,0,0,114,585,1185,511,0,65,272,23,0
827,0,0,101,2021,1903,175,0,0,26,608,1233,811,0,12,267,80,433,0
0,0,0,1763,2217,1939,0,0,0,431,1585,1771,0,0,508,110,277,1359,0
6,0,0,113,2129,1911,362,0,0,0,219,918,1139,255,0,323,181,15,0
1494,477,0,0,99,1821,1984,863,0,0,0,128,1280,1769,147,0,579,51,0
1559,1846,224,0,0,1263,2037,2391,35,0,0,12,1311,2003,547,0,66,192,0
1569,1897,353,0,0,1102,2032,2390,65,0,0,19,1297,1971,336,0,322,151,0
1510,1183,0,0,80,1763,1962,736,0,0,0,315,1232,1458,0,0,393,32,0
1004,0,0,116,2027,1903,139,0,0,50,603,1241,737,0,92,256,69,331,0
0,0,86,2099,2231,1954,0,0,48,713,1919,1881,0,119,304,83,631,1725,0
0,0,1146,2257,2277,1984,0,0,83,874,2098,1899,0,110,314,57,326,1705,0
0,0,0,989,2187,1939,0,0,0,33,497,1243,907,0,0,526,54,3,0
1487,336,0,0,401,1845,1964,401,0,0,0,227,1266,1662,0,0,645,18,0
1567,1909,293,0,0,1069,2057,2466,130,0,0,0,1330,2061,1239,0,64,339,0
1584,1981,486,0,0,593,2055,2449,112,0,0,3,1299,1977,323,0,646,96,0
1565,1911,400,0,0,830,2042,2448,288,0,0,0,1314,2033,1185,0,68,315,0
1558,1861,326,0,0,1249,2016,2369,13,0,0,22,1280,1933,291,0,643,117,0
1513,1349,0,0,87,1702,1962,751,0,0,0,207,1232,1578,0,41,475,22,0
1399,272,0,0,1393,1858,1634,0,0,0,144,664,1136,304,0,544,203,11,0
655,0,0,117,2035,1901,286,0,0,16,357,1095,899,0,0,433,74,26,0
1331,111,0,0,1517,1866,1649,0,0,0,110,534,1188,798,0,235,301,10,0
1491,784,0,0,106,1744,1972,982,0,0,0,86,1264,1718,144,0,576,51,0
1497,833,0,0,95,1708,1978,1328,0,0,0,39,1280,1929,302,0,595,149,0
1575,1970,562,0,0,80,2060,2556,501,0,0,0,1327,2064,1358,0,43,388,0
1564,1913,384,0,0,988,2039,2431,144,0,0,0,1312,2011,880,0,211,235,0
1571,1935,432,0,0,806,2042,2447,219,0,0,0,1310,2023,980,0,161,243,0
1567,1903,366,0,0,851,2047,2474,368,0,0,0,1328,2071,1375,9,3,449,0
1602,2019,1794,0,0,0,2094,2630,1533,0,0,0,1349,2102,1553,243,0,563,0
1605,2031,1947,44,0,0,2095,2643,1897,1,0,0,1360,2112,1584,257,0,650,0
1574,1966,464,0,0,944,2039,2411,16,0,0,22,1286,1921,239,0,645,59,0
1459,379,0,0,858,1851,1743,263,0,0,61,457,1200,1003,0,224,295,10,0
826,0,0,112,2032,1902,130,0,0,39,494,1201,858,0,86,321,64,75,0
0,0,0,1643,2195,1936,0,0,0,330,1376,1750,0,0,633,86,186,1329,0
0,0,1104,2240,2255,1969,0,0,159,1085,2211,1897,0,573,237,94,1125,1722,0
0,0,10,1765,2202,1937,0,0,0,231,926,1535,268,0,284,227,64,305,0
25,0,0,396,2153,1917,0,0,0,76,673,1318,591,0,240,217,48,396,0
0,0,0,227,2146,1916,0,0,0,12,341,1105,955,0,0,546,67,1,0
1360,69,0,0,1509,1861,1708,0,0,0,64,484,1198,790,0,441,228,0,0
0,0,0,1511,2181,1931,0,0,0,314,1285,1744,0,0,655,107,148,1311,0
886,0,0,0,1786,1889,1535,0,0,0,113,587,1191,880,0,160,363,3,0
1410,55,0,0,1675,1886,1570,0,0,0,166,880,1046,0,0,528,50,7,0
0,0,0,1773,2218,1954,0,0,0,80,718,1412,666,0,176,275,37,48,0
1221,0,0,0,1785,1895,1584,0,0,0,102,601,1205,755,0,294,304,0,0
1505,705,0,0,468,1841,1773,210,0,0,68,481,1187,757,0,427,242,3,0
0,0,0,473,2134,1908,0,0,0,31,400,1081,939,144,0,541,124,12,0
1401,281,0,0,1206,1856,1713,193,0,0,54,427,1211,1328,0,67,391,16,0
1362,121,0,0,1600,1873,1600,0,0,0,151,762,1120,208,0,584,83,3,0
0,0,0,1322,2179,1935,0,0,0,176,902,1635,66,0,615,128,50,1181,0
0,0,0,1879,2222,1953,0,0,0,253,1141,1744,0,0,736,92,51,1297,0
0,0,0,927,2160,1920,0,0,0,35,452,1178,910,0,0,492,58,9,0
1382,151,0,0,1422,1857,1718,43,0,0,31,397,1228,1461,0,61,455,12,0
1371,208,0,0,1553,1869,1479,0,0,0,194,890,951,143,0,486,87,17,0
0,0,0,1995,2224,1956,0,0,0,314,1322,1750,0,0,458,160,51,449,0
0,0,0,437,2160,1925,0,0,0,50,590,1280,818,0,64,306,47,49,0
0,0,0,435,2155,1924,0,0,0,49,581,1281,816,0,64,305,48,50,0
0,0,0,438,2160,1920,0,0,0,48,586,1278,814,0,64,308,48,53,0
0,0,0,437,2158,1923,0,0,0,61,587,1279,816,0,69,307,48,50,0
0,0,0,436,2160,1930,0,0,0,48,589,1279,816,0,64,308,48,53,0
0,0,0,437,2151,1923,0,0,0,52,586,1273,813,0,64,306,49,50,0
0,0,0,438,2160,1926,0,0,0,50,591,1277,816,0,64,307,48,53,0
0,0,0,441,2160,1924,0,0,0,48,591,1280,822,0,67,318,48,53,0
0,0,0,442,2161,1935,0,0,0,53,589,1280,833,0,71,311,50,54,0
0,0,0,446,2162,1932,0,0,0,51,591,1280,823,0,64,307,48,57,0
0,0,0,1791,2222,1959,0,0,0,278,1293,1759,0,0,698,70,75,1343,0
0,0,0,1456,2176,1936,0,0,0,95,673,1282,819,0,77,366,68,37,0
1130,0,0,21,1875,1897,979,0,0,0,172,752,1190,337,0,433,247,15,0
1535,1142,0,0,62,1771,2005,1155,0,0,0,72,1314,1859,202,0,643,60,0
1584,1872,246,0,0,1334,2061,2386,0,0,0,23,1342,2000,346,0,567,137,0
1583,1853,162,0,0,1456,2013,1227,0,0,0,203,1266,1581,0,61,379,11,0
0,0,0,757,2160,1923,0,0,0,133,779,1405,304,0,378,176,60,969,0
115,0,0,175,2145,1920,90,0,0,0,225,955,1158,166,0,619,131,0,0
1457,170,0,0,1283,1858,1919,266,0,0,1,273,1279,1605,0,26,547,11,0
1568,1711,0,0,0,1507,2029,1131,0,0,0,134,1270,1609,0,59,434,16,0
810,0,0,144,2094,1909,2,0,0,64,656,1296,496,0,291,183,64,1120,0
0,0,117,2197,2247,1968,0,0,0,403,1571,1782,0,0,685,83,69,1275,0
1170,0,0,0,1873,1900,1463,0,0,0,130,688,1200,385,0,538,192,0,0
1491,338,0,0,823,1843,1963,427,0,0,0,185,1287,1694,0,0,557,16,0
1586,1852,16,0,0,1424,2064,2411,0,0,0,0,1338,2059,862,0,266,227,0
1584,1783,0,0,16,1663,2002,656,0,0,0,268,1261,1490,0,113,363,2,0
157,0,0,624,2169,1927,0,0,0,205,934,1617,42,0,507,144,67,1219,0
461,0,0,78,1984,1898,1013,0,0,0,176,783,1174,334,0,401,245,11,0
1501,410,0,0,527,1851,1866,409,0,0,32,411,1251,1252,0,90,311,16,0
0,0,0,1609,2201,1942,0,0,0,325,1415,1773,0,0,585,73,258,1526,0
0,0,144,2229,2261,1977,0,0,0,240,1115,1736,131,0,388,192,44,175,0
0,0,0,1611,2187,1936,0,0,0,272,1120,1726,0,0,679,128,73,1274,0
0,0,0,1509,2181,1941,0,0,0,289,1246,1747,0,0,682,133,53,1034,0
0,0,0,669,2159,1926,0,0,0,30,400,1168,914,0,73,387,46,15,0
1133,0,0,16,1886,1902,342,0,0,16,395,1203,842,0,195,234,38,418,0
54,0,0,286,2141,1919,0,0,0,6,311,1103,963,0,0,473,50,5,0
1080,0,0,0,1781,1897,1603,0,0,0,93,595,1220,749,0,343,266,0,0
1404,0,0,0,1768,1899,359,0,0,33,500,1271,393,0,458,140,45,1098,0
0,0,0,1809,2219,1956,0,0,0,190,976,1699,51,0,626,117,41,1172,0
0,0,0,1819,2224,1955,0,0,0,137,817,1491,606,0,141,329,42,16,0
0,0,0,1681,2208,1952,0,0,0,279,1329,1777,0,0,703,70,48,1279,0
0,0,56,2078,2239,1968,0,0,30,503,1830,1881,0,128,404,48,293,1699,0
0,0,1678,2288,2289,1991,0,0,144,1064,2285,1905,0,190,235,59,610,1725,0
0,0,0,1391,2186,1936,0,0,0,64,657,1291,824,0,6,340,61,41,0
1296,0,0,0,1734,1894,1527,0,0,0,164,802,1167,257,0,527,132,11,0
1488,250,0,0,855,1863,1918,140,0,0,11,379,1270,1527,0,0,471,11,0
875,0,0,80,2156,1935,0,0,0,15,491,1289,824,0,23,256,46,199,0
0,0,0,2047,2243,1968,0,0,0,378,1675,1861,0,0,479,52,272,1698,0
0,0,352,2224,2250,1975,0,0,58,729,1927,1885,0,122,384,78,322,1699,0
0,0,478,2210,2246,1968,0,0,66,758,1907,1872,0,128,391,95,336,1641,0
0,0,0,1520,2210,1951,0,0,0,191,1001,1647,293,0,4,192,69,369,0
1474,347,0,0,240,1856,1969,528,0,0,0,243,1296,1730,129,0,511,59,0
1424,238,0,0,1535,1885,1518,0,0,0,256,1006,953,97,0,369,80,63,0
0,0,0,1723,2211,1949,0,0,0,240,1014,1645,138,0,149,208,64,205,0
1316,0,0,0,1571,1883,1662,0,0,0,126,607,1202,605,0,48,282,21,0
481,0,0,167,2136,1917,0,0,0,156,891,1523,146,0,112,177,79,998,0
331,0,0,132,2109,1910,144,0,0,16,487,1186,913,0,0,399,80,43,0
330,0,0,133,2110,1911,143,0,0,16,481,1190,919,0,0,395,80,45,0
322,0,0,137,2112,1910,145,0,0,15,482,1187,916,0,0,399,80,47,0
323,0,0,133,2109,1907,148,0,0,16,483,1189,909,0,0,398,80,46,0
329,0,0,132,2111,1914,137,0,0,16,480,1189,912,0,0,398,80,45,0
1601,2011,1887,0,0,0,1827,944,214,0,0,0,1022,69,158,103,0,3,1
1584,2004,1877,0,0,0,1811,921,204,0,0,0,1005,63,160,111,0,1,1
1605,2022,1882,0,0,0,1825,934,208,0,0,0,1012,74,161,107,0,0,1
1611,2014,1881,0,0,0,1821,928,211,0,0,0,1002,58,146,98,0,0,1
1583,2001,1873,0,0,0,1808,913,198,0,0,0,999,59,149,96,0,0,1
1579,2000,1873,0,0,0,1803,917,197,0,0,0,997,58,150,99,0,0,1
1580,2000,1872,0,0,0,1804,915,202,0,0,0,1001,58,149,97,0,0,1
1584,2000,1872,0,0,0,1808,913,201,0,0,0,1001,62,152,99,0,0,1
1589,2016,1925,19,0,0,1868,1021,230,0,0,0,1062,150,116,163,0,0,1
1602,2043,2117,435,0,0,2002,1373,345,46,0,0,1114,368,85,179,0,0,1
1611,2032,2023,0,0,0,1507,705,80,0,0,0,16,39,263,0,0,1298,1
1535,1274,0,0,117,1858,207,3,0,0,67,1806,2,263,0,0,1382,1690,1
1281,0,0,87,2155,1943,0,0,0,1,2427,1902,34,0,0,695,2015,1744,1
1518,884,0,0,73,1798,420,158,0,0,0,1224,0,58,206,0,71,1399,1
1589,1998,785,0,0,0,1509,816,112,0,0,0,564,29,113,0,0,368,1
1596,2000,467,0,0,658,806,275,0,0,0,750,0,54,194,0,145,1616,1
1520,1002,0,0,155,1865,240,3,0,0,15,1793,0,154,0,0,1278,1677,1
1499,336,0,0,799,1885,209,0,0,0,124,1815,0,175,0,0,1331,1681,1
1503,367,0,0,974,1885,192,0,0,0,291,1824,0,165,0,0,1360,1687,1
1522,1239,0,0,73,1779,509,159,0,0,0,1410,0,95,40,0,321,1617,1
1566,1961,57,0,0,1119,1006,406,0,0,0,134,0,28,186,0,0,1152,1
1593,2015,1425,0,0,0,1479,595,94,0,0,0,633,19,117,7,0,222,1
1616,2046,2099,0,0,0,1959,926,201,0,0,0,1056,45,80,177,0,0,1
1628,2079,2153,364,0,0,2062,1520,357,22,0,0,1290,373,57,171,0,0,1
1633,2087,2162,453,0,0,2076,1766,470,29,0,0,1290,384,62,149,0,0,1
1617,2047,2098,0,0,0,1969,1170,242,0,0,0,1052,46,96,99,0,0,1
1575,1981,487,0,0,496,1152,491,10,0,0,134,0,40,208,0,22,1266,1
1525,1729,0,0,55,1712,467,144,0,0,0,1459,0,103,11,0,891,1647,1
1494,429,0,0,971,1872,207,0,0,0,272,1814,0,199,0,0,1555,1699,1
1494,558,0,0,588,1859,145,0,0,0,33,1781,5,397,0,0,1201,1664,1
1559,1958,434,0,0,357,942,348,55,0,0,0,166,18,147,48,0,318,1
1615,2039,2081,283,0,0,2000,1177,275,25,0,0,1121,176,78,198,0,0,1
1570,1984,733,0,0,258,1126,494,42,0,0,0,17,48,210,0,0,1055,1
1530,1767,2,0,0,1488,289,158,0,0,0,1319,0,162,64,0,719,1612,1
1491,1161,0,0,168,1810,176,62,0,0,62,1602,9,230,0,0,1198,1643,1
1520,1634,0,0,16,1754,355,128,0,0,0,1319,0,77,143,0,176,1610,1
1535,1845,0,0,0,1661,415,157,0,0,0,1158,0,48,225,0,0,1371,1
1606,2032,1995,0,0,0,1921,897,192,0,0,0,1104,51,65,202,0,0,1
1646,2098,2189,1033,0,0,2105,2118,715,147,0,0,1338,594,65,109,17,0,1
1603,2032,2016,0,0,0,1662,772,128,0,0,0,51,41,187,0,0,1046,1
1535,1915,176,0,0,1392,461,231,0,0,0,899,0,75,222,0,80,1279,1
1575,1986,1242,0,0,0,1590,850,163,0,0,0,961,40,113,89,0,0,1
1610,2043,2085,0,0,0,1948,1054,213,0,0,0,1001,34,115,66,0,150,1
1599,2018,1904,0,0,0,1493,572,93,0,0,0,151,21,149,0,0,799,1
1606,2031,2000,0,0,0,1823,838,166,0,0,0,1017,37,105,125,0,0,1
1605,2029,2018,0,0,0,1843,835,164,0,0,0,877,27,128,44,0,272,1
1588,2000,1023,0,0,0,1295,459,56,0,0,0,50,21,161,0,0,869,1
1606,2030,1986,0,0,0,1839,815,161,0,0,0,1039,33,89,142,0,0,1
1621,2059,2086,0,0,0,1890,767,144,0,0,0,837,23,115,54,0,219,1
1635,2091,2156,208,0,0,2033,1219,259,0,0,0,1087,46,80,171,0,0,1
1637,2089,2150,176,0,0,2032,1195,256,0,0,0,1106,47,70,208,0,0,1
1639,2083,2147,186,0,0,2013,1072,221,0,0,0,1063,33,79,166,0,0,1
1635,2080,2150,225,0,0,2061,1425,357,19,0,0,1284,281,54,182,0,0,1
1647,2093,2163,434,0,0,2083,1570,389,29,0,0,1271,214,59,190,0,0,1
1598,2006,1341,0,0,176,752,270,4,0,0,46,0,48,306,0,0,1392,1
1584,1991,801,0,0,0,1299,475,80,0,0,0,885,27,103,134,0,0,1
1593,2009,1519,0,0,0,1455,543,99,0,0,0,747,23,113,76,0,157,1
1621,2047,2096,0,0,0,1971,999,210,0,0,0,1079,43,80,170,0,0,1
1629,2068,2131,314,0,0,2027,1254,289,0,0,0,1122,70,71,190,0,0,1
1613,2035,2011,0,0,0,1823,739,153,0,0,0,1011,25,94,137,0,0,1
1642,2081,2150,333,0,0,2057,1447,363,29,0,0,1275,302,60,173,0,0,1
1648,2106,2176,843,0,0,2096,1904,557,75,0,0,1328,400,50,121,0,0,1
1663,2128,2229,2074,0,0,2125,2367,889,210,0,0,1365,1169,64,89,115,0,1
1632,2071,2118,0,0,0,1966,842,176,0,0,0,1043,27,91,174,0,39,1
1596,2000,1118,0,0,14,1065,330,32,0,0,0,0,16,261,0,0,1134,1
1581,1979,425,0,0,871,672,240,0,0,0,64,0,17,257,0,0,1294,1
1608,2032,1941,0,0,0,1711,670,111,0,0,0,823,15,85,125,0,167,1
1634,2078,2137,304,0,0,2029,1143,247,2,0,0,1126,42,55,204,0,0,1
1650,2110,2192,1238,0,0,2102,1950,555,82,0,0,1318,379,45,140,14,0,1
1635,2075,2131,227,0,0,2013,996,208,0,0,0,1070,27,66,201,0,0,1
1606,2022,1802,0,0,0,1424,544,65,0,0,0,259,11,99,72,0,382,1
1648,2096,2166,722,0,0,2096,1936,581,88,0,0,1334,578,50,84,98,0,1
1670,2140,2251,2231,345,0,2150,2679,1351,430,64,0,1406,1914,157,69,176,0,1
1680,2158,2282,2309,720,0,2165,2741,2157,1968,462,0,1424,2157,426,103,79,0,1
1681,2158,2288,2310,808,0,2166,2743,2151,1903,411,0,1421,2148,418,95,80,0,1
1677,2151,2276,2282,527,0,2159,2688,1409,450,54,0,1396,1877,112,71,210,0,1
1664,2128,2239,2107,21,0,2142,2611,1097,297,0,0,1374,1403,65,87,114,0,1
1648,2097,2169,674,0,0,2081,1614,408,48,0,0,1264,230,49,175,0,0,1
1615,2038,1969,0,0,0,1437,547,69,0,0,0,135,13,110,11,0,582,1
1574,1968,462,0,0,658,905,352,16,0,0,14,0,35,242,0,0,1210,1
1503,1658,0,0,29,1557,558,211,0,0,0,1071,0,67,195,0,95,1393,1
1535,1938,506,0,0,317,1291,669,76,0,0,0,96,27,128,29,0,341,1
1610,2037,2094,423,0,0,2026,1557,433,63,0,0,1205,386,73,144,2,0,1
1607,2041,2075,276,0,0,1947,1168,245,0,0,0,961,43,131,76,0,336,1
1520,1761,0,0,39,1526,505,188,0,0,0,1352,0,100,74,0,482,1583,1
1553,1952,483,0,0,445,1251,635,64,0,0,0,101,32,134,26,0,385,1
1621,2057,2137,521,0,0,2039,1859,607,71,0,0,1174,388,91,181,0,0,1
1591,2010,1902,0,0,0,1645,846,159,0,0,0,663,32,126,48,0,268,1
1637,2075,2147,359,0,0,2030,1216,270,0,0,0,1065,33,84,117,0,78,1
1570,1951,0,0,0,1471,561,187,0,0,0,1366,0,87,70,0,536,1637,1
1600,2022,1731,0,0,0,1598,670,112,0,0,0,976,27,86,133,0,0,1
1632,2069,2135,318,0,0,1983,1150,240,0,0,0,1021,38,120,80,0,148,1
1557,1929,304,0,0,1183,898,400,1,0,0,144,8,48,197,0,0,1053,1
1590,2031,2016,66,0,0,1975,1349,337,22,0,0,1126,370,89,166,0,0,1
1613,2044,2094,98,0,0,1875,1002,190,0,0,0,242,33,151,0,0,963,1
1535,1904,175,0,0,1323,806,350,2,0,0,95,16,49,197,0,0,983,1
1597,2027,2015,37,0,0,1974,1296,320,12,0,0,1124,368,87,175,0,0,1
1604,2031,1993,0,0,0,1594,768,132,0,0,0,33,46,225,0,0,1110,1
1584,2000,1831,0,0,0,1872,1115,241,0,0,0,1081,163,100,180,0,0,1
1638,2076,2167,810,0,0,2102,2118,858,163,0,0,1331,470,90,129,21,0,1
1589,2000,1749,0,0,0,1414,699,97,0,0,0,35,47,202,0,0,1111,1
1507,821,0,0,430,1850,314,0,0,0,241,1799,1,147,0,0,1344,1667,1
1535,1897,0,0,0,1390,822,330,0,0,0,553,0,48,208,0,5,1162,1
1585,1999,1051,0,0,13,1281,526,16,0,0,129,0,45,214,0,105,1535,1
1473,90,0,0,1584,1899,126,0,0,0,865,1833,0,177,0,0,1344,1682,1
1574,1969,327,0,0,624,1170,496,21,0,0,0,31,19,134,0,0,781,1
1584,1982,384,0,0,981,831,301,0,0,0,1062,0,64,117,0,257,1633,1
1483,209,0,0,1033,1877,284,0,0,0,2,1778,0,99,0,0,675,1647,1
1597,2013,1137,0,0,0,1645,839,133,0,0,0,959,31,101,55,0,49,1
1585,1985,351,0,0,1136,769,272,0,0,0,1168,0,65,107,0,261,1639,1
1440,0,0,0,1904,1929,48,0,0,0,1974,1873,19,80,0,195,1949,1728,1
1557,1944,233,0,0,854,1135,511,21,0,0,0,58,30,138,0,0,581,1
1585,1998,1293,0,0,0,1299,579,31,0,0,165,0,54,218,0,112,1415,1
1532,1790,0,0,0,1436,821,365,0,0,0,279,9,52,187,0,0,1042,1
1598,2006,1884,0,0,0,1776,1091,208,0,0,0,757,43,138,18,0,381,1
1552,1923,257,0,0,1354,779,320,0,0,0,1101,0,92,144,0,176,1535,1
1501,706,0,0,197,1823,421,107,0,0,6,1456,0,106,48,0,335,1579,1
1568,1982,807,0,0,0,1453,887,151,0,0,0,667,44,132,45,0,102,1
1559,1968,438,0,0,1285,752,271,0,0,0,1395,0,112,0,0,1242,1668,1
1525,1740,0,0,0,1535,636,240,0,0,0,816,0,42,208,0,0,1139,1
1589,1999,731,0,0,205,1163,461,1,0,0,128,0,37,223,0,18,1357,1
1510,529,0,0,595,1867,251,0,0,0,95,1804,0,133,0,0,1251,1671,1
1553,1941,81,0,0,1262,861,345,0,0,0,443,0,44,218,0,0,1214,1
1578,1983,560,0,0,120,1329,621,42,0,0,0,23,31,165,0,0,1061,1
1558,1947,122,0,0,1367,769,291,0,0,0,997,0,53,181,0,112,1520,1
1570,1975,479,0,0,32,1403,732,96,0,0,0,449,36,133,0,0,552,1
1535,1853,0,0,0,1555,565,173,0,0,0,1405,0,89,55,0,335,1616,1
1584,2000,1197,0,0,0,1444,722,99,0,0,0,336,27,133,0,0,394,1
1575,1969,448,0,0,887,851,349,0,0,0,424,0,55,241,0,48,1226,1
1535,1920,297,0,0,1099,917,419,16,0,0,48,21,47,180,0,0,1021,1
1606,2029,2026,7,0,0,1888,1009,204,0,0,0,582,41,143,2,0,737,1
1495,686,0,0,482,1846,208,9,0,0,107,1744,1,155,0,0,1023,1633,1
1553,1936,384,0,0,753,1036,476,34,0,0,0,45,42,157,0,0,720,1
1591,2003,1840,0,0,0,1471,711,122,0,0,0,58,43,179,0,0,1038,1
1501,598,0,0,656,1856,192,0,0,0,455,1812,2,203,0,0,1437,1680,1
1554,1943,245,0,0,723,1125,478,19,0,0,0,38,24,133,0,0,766,1
1621,2058,2112,0,0,0,1962,995,201,0,0,0,960,29,113,6,0,452,1
1555,1853,0,0,0,1733,403,110,0,0,0,1487,0,87,64,0,463,1635,1
1596,2022,1854,0,0,0,1759,847,170,0,0,0,1046,38,95,143,0,0,1
1603,2026,1981,0,0,0,1474,656,91,0,0,0,25,34,179,0,0,1088,1
1555,1956,406,0,0,599,1183,567,45,0,0,0,79,39,144,0,0,511,1
1598,2013,1958,0,0,0,1840,1047,208,0,0,0,585,42,144,15,0,694,1
1535,1872,206,0,0,1339,918,406,2,0,0,119,12,44,166,0,0,990,1
1595,2025,2001,64,0,0,1953,1257,285,0,0,0,1073,83,112,149,0,0,1
1554,1951,416,0,0,1289,770,300,0,0,0,1250,0,91,100,0,398,1597,1
1553,1955,421,0,0,706,1136,528,26,0,0,0,16,35,163,0,0,1022,1
1584,1999,1577,0,0,0,1420,731,85,0,0,0,47,29,146,0,0,966,1
1562,1965,361,0,0,1040,914,362,0,0,0,546,0,43,195,0,77,1473,1
1577,1978,491,0,0,253,1218,498,38,0,0,0,33,25,160,0,0,998,1
1579,1978,476,0,0,754,915,351,0,0,0,541,0,44,208,0,54,1428,1
1577,1973,634,0,0,0,1405,674,101,0,0,0,453,27,133,12,0,626,1
1564,1965,310,0,0,1117,788,313,0,0,0,290,0,33,235,0,0,1307,1
1535,1845,0,0,0,1535,533,186,0,0,0,1328,0,81,87,0,410,1630,1
1535,1786,0,0,0,1730,532,160,0,0,0,1295,0,48,173,0,101,1573,1
1599,2020,1398,0,0,0,1601,768,121,0,0,0,1003,27,80,112,0,0,1
1599,2012,1697,0,0,0,1280,496,21,0,0,80,0,43,219,0,48,1315,1
1521,1742,0,0,0,1465,710,288,0,0,0,804,0,63,214,0,29,1110,1
1584,2002,1879,0,0,0,1786,1102,221,0,0,0,912,50,139,60,0,143,1
1535,1933,368,0,0,1286,718,304,0,0,0,1085,0,101,157,0,169,1509,1
1552,1956,479,0,0,225,1299,688,79,0,0,0,102,44,129,0,0,496,1
1591,2021,1957,0,0,0,1904,1189,253,0,0,0,934,48,142,38,0,405,1
1535,1808,0,0,4,1570,437,163,0,0,0,1377,0,101,64,0,457,1605,1
1569,1968,370,0,0,803,912,361,16,0,0,0,19,16,149,0,0,649,1
1614,2037,2055,0,0,0,1821,749,141,0,0,0,267,18,142,0,0,994,1
1527,1679,0,0,86,1841,271,20,0,0,15,1783,0,153,0,0,1276,1673,1
1563,1965,402,0,0,385,1201,511,53,0,0,0,327,25,125,61,0,110,1
1621,2058,2128,414,0,0,2017,1383,332,15,0,0,1088,74,99,151,0,0,1
1535,1931,343,0,0,1351,688,285,0,0,0,1247,0,111,96,0,352,1582,1
1553,1936,429,0,0,561,1260,677,50,0,0,0,49,48,146,0,0,830,1
1587,2012,1946,0,0,0,1920,1267,285,0,0,0,1069,122,116,145,0,0,1
1599,2006,1862,0,0,0,1535,974,165,0,0,0,99,48,155,0,0,978,1
1517,1590,0,0,87,1643,448,174,0,0,0,1332,0,109,128,0,155,1448,1
1582,1990,1744,0,0,0,1840,1142,241,0,0,0,1073,96,110,156,0,0,1
1578,1988,1281,0,0,0,1282,587,51,0,0,0,20,48,210,0,0,1088,1
1514,1675,0,0,33,1570,570,226,0,0,0,945,0,50,221,0,5,1184,1
1600,2022,1990,0,0,0,1919,931,206,0,0,0,1063,41,89,130,0,0,1
1571,1967,334,0,0,1303,506,218,0,0,0,955,0,74,199,0,118,1584,1
1555,1937,81,0,0,1227,837,337,0,0,0,0,1,19,158,0,0,935,1
1615,2041,2027,0,0,0,1812,734,131,0,0,0,366,16,135,0,0,833,1
1553,1904,0,0,0,1494,504,192,0,0,0,1175,0,49,175,0,70,1482,1
1584,1998,1564,0,0,0,1456,560,118,0,0,0,972,27,99,143,0,0,1
1589,1998,1484,0,0,48,1023,385,28,0,0,71,0,62,266,0,28,1255,1
1553,1968,648,0,0,5,1339,620,101,0,0,0,464,38,138,37,0,335,1
1584,1997,1781,0,0,0,1423,783,105,0,0,0,30,49,207,0,16,1106,1
1555,1967,556,0,0,0,1427,897,158,0,0,0,642,50,142,42,0,90,1
1584,1999,1531,0,0,0,1367,708,72,0,0,16,16,54,220,0,62,1168,1
1535,1938,442,0,0,322,1337,784,112,0,0,0,490,46,144,26,0,208,1
1557,1955,445,0,0,1168,747,303,0,0,0,1278,0,102,75,0,560,1598,1
1535,1853,109,0,0,1296,957,432,11,0,0,1,19,30,139,0,0,752,1
1567,1967,402,0,0,1199,753,271,0,0,0,1303,0,96,54,0,694,1629,1
1553,1953,369,0,0,537,1259,593,44,0,0,0,235,26,110,35,0,244,1
1585,1999,1041,0,0,176,1135,464,12,0,0,234,0,49,215,0,98,1411,1
1529,1811,30,0,0,1358,868,422,6,0,0,58,31,48,159,0,0,785,1
1563,1974,566,0,0,573,1047,450,3,0,0,652,0,75,166,0,155,1517,1
1552,1962,454,0,0,315,1232,591,46,0,0,0,41,42,160,0,0,994,1
1533,1869,0,0,0,1450,684,255,0,0,0,1262,0,94,121,0,192,1573,1
1552,1936,333,0,0,1111,959,413,0,0,0,351,0,45,208,0,30,1187,1
1535,1940,331,0,0,1110,959,412,0,0,0,353,0,48,210,0,37,1185,1
1535,1939,331,0,0,1111,960,411,0,0,0,351,0,48,210,0,34,1186,1
1535,1938,332,0,0,1112,961,411,0,0,0,352,0,49,208,0,35,1187,1
1535,1938,330,0,0,1111,968,411,0,0,0,353,0,48,208,0,34,1187,1
1552,1937,333,0,0,1110,966,413,0,0,0,352,0,48,210,0,36,1189,1
1567,1951,336,0,0,1118,981,423,0,0,0,354,11,64,222,0,18,1191,1
1583,1954,338,0,0,1119,979,431,0,0,0,353,22,66,221,0,34,1198,1
1578,1957,345,0,0,1117,981,432,1,0,0,355,22,63,219,0,38,1196,1
1573,1952,323,0,0,1159,1046,455,0,0,0,351,13,61,270,0,12,1149,1
1575,1935,227,0,0,1458,457,183,0,0,0,1449,3,139,0,0,1313,1670,1
1426,106,0,0,1587,1875,162,0,0,0,233,1787,16,148,0,0,849,1615,1
1600,1994,1296,0,0,0,1603,880,177,0,0,0,775,48,131,48,0,416,1
1554,1825,0,0,21,1494,623,227,0,0,0,1430,12,119,0,0,1271,1648,1
1535,1533,0,0,69,1520,704,275,0,0,0,1261,7,94,175,0,128,1299,1
1585,1958,441,0,0,832,1023,464,16,0,0,383,15,80,208,0,156,1533,1
1507,448,0,0,627,1847,343,64,0,0,42,1443,11,112,111,0,139,1306,1
1616,2043,2084,135,0,0,1994,1361,331,0,0,0,1088,226,127,151,0,0,1
1574,1921,187,0,0,1346,622,275,0,0,0,434,13,59,253,0,0,1040,1
1623,2022,1897,0,0,0,1423,570,94,0,0,0,39,46,216,0,0,1141,1
1567,1865,1,0,0,1403,823,365,10,0,0,44,48,48,153,0,0,463,1
1603,2015,1852,0,0,0,1455,697,108,0,0,0,114,38,144,7,0,654,1
1625,2043,2053,11,0,0,1920,1063,210,0,0,0,419,47,149,0,0,926,1
1650,2059,2110,119,0,0,2000,1261,291,0,0,0,1066,64,129,77,0,155,1
1579,1953,259,0,0,1328,750,322,0,0,0,281,22,48,202,0,0,1046,1
1616,2039,2096,41,0,0,1995,1263,290,0,0,0,1102,154,108,194,0,0,1
1641,2074,2145,403,0,0,2058,1775,535,42,0,0,1181,400,107,183,0,0,1
1579,1934,290,0,0,1408,491,227,0,0,0,1153,6,143,208,0,149,1535,1
1600,1995,1091,0,0,53,1284,553,74,0,0,0,368,31,123,57,0,382,1
1535,1747,0,0,64,1803,266,79,0,0,0,1535,0,133,43,0,765,1622,1
1616,2017,1911,0,0,0,1769,861,184,0,0,0,992,46,125,126,0,41,1
1589,1963,373,0,0,1403,475,208,0,0,0,1311,2,137,98,0,559,1614,1
1579,1968,483,0,0,295,1259,580,94,0,0,0,511,46,144,79,0,102,1
1604,2025,1787,0,0,0,1423,715,64,0,0,43,23,71,253,0,96,1226,1
1595,2000,1264,0,0,0,1808,1163,256,0,0,0,1069,111,128,155,0,0,1
1619,2031,1942,0,0,0,1649,955,171,0,0,0,79,54,173,0,0,1089,1
1581,1975,467,0,0,173,1393,750,96,0,0,0,434,49,139,29,0,77,1
1635,2065,2122,155,0,0,1999,1211,254,0,0,0,870,48,144,0,0,759,1
1585,1971,405,0,0,226,1334,623,81,0,0,0,738,48,120,99,0,0,1
1645,2055,2096,0,0,0,1872,770,163,0,0,0,431,36,144,0,0,875,1
1598,1998,811,0,0,0,1501,715,144,0,0,0,1067,49,105,176,0,0,1
1642,2064,2115,11,0,0,1968,1018,205,0,0,0,960,48,142,33,0,272,1
1607,1997,731,0,0,0,1776,1069,225,0,0,0,1091,166,111,176,0,0,1
1626,2027,2009,0,0,0,1744,1035,175,0,0,0,107,49,154,0,0,1069,1
1597,2000,1302,0,0,0,1803,1121,228,0,0,0,1079,83,108,165,0,0,1
1616,2015,1595,0,0,0,1350,605,39,0,0,112,16,54,225,0,48,1299,1
1606,1998,848,0,0,0,1424,682,112,0,0,0,511,43,131,67,0,135,1
1639,2047,2087,21,0,0,1910,811,176,0,0,0,702,35,133,38,0,611,1
1599,1997,813,0,0,0,1417,627,111,0,0,0,914,35,110,133,0,0,1
1650,2075,2142,293,0,0,2029,1195,269,0,0,0,1086,54,98,164,0,0,1
1615,2003,733,0,0,0,1427,741,105,0,0,0,821,53,122,66,0,0,1
1648,2077,2152,354,0,0,2031,1473,357,0,0,0,1104,132,107,110,0,0,1
1579,1968,310,0,0,1170,945,384,0,0,0,655,13,60,208,0,64,1263,1
1621,2038,2025,0,0,0,1995,1204,275,0,0,0,1104,93,96,185,0,0,1
1609,1997,762,0,0,456,862,327,14,0,0,298,10,59,255,0,8,1322,1
1634,2057,2047,11,0,0,1978,1088,233,0,0,0,1067,42,101,133,0,91,1
1562,1907,0,0,0,1417,726,306,0,0,0,148,17,43,182,0,0,881,1
1644,2074,2143,272,0,0,1991,1259,272,0,0,0,1006,63,145,16,0,295,1
1587,1968,351,0,0,565,1333,725,64,0,0,0,445,54,145,0,0,137,1
1605,2007,1174,0,0,17,1332,637,16,0,0,298,18,65,208,0,110,1408,1
1578,1981,481,0,0,171,1390,720,95,0,0,0,430,46,128,73,0,61,1
1616,2027,1918,0,0,0,1385,560,63,0,0,0,21,42,221,0,0,1138,1
1615,2013,1712,0,0,0,1462,646,112,0,0,0,310,35,126,46,0,428,1
1600,1984,501,0,0,1135,592,247,0,0,0,871,11,64,229,0,0,1209,1
1622,2042,2055,6,0,0,1777,780,147,0,0,0,236,33,159,20,0,683,1
1634,2064,2101,226,0,0,1963,1019,219,0,0,0,919,47,151,62,0,353,1
1626,2037,2043,26,0,0,1985,1215,295,11,0,0,1110,167,106,201,0,0,1
1626,2053,2089,53,0,0,1803,997,176,0,0,0,43,65,225,0,90,1258,1
1618,2064,2133,419,0,0,2032,1569,397,0,0,0,1058,63,144,45,0,537,1
1554,1796,0,0,42,1491,623,240,0,0,0,1279,5,83,201,0,57,1167,1
1646,2064,2129,398,0,0,2027,1429,354,19,0,0,1094,72,111,135,0,54,1
1642,2064,2130,212,0,0,2083,1622,437,57,0,0,1329,363,66,188,0,0,1
1595,1995,400,0,0,636,917,364,23,0,0,0,188,32,129,56,0,0,1
1663,2101,2178,693,0,0,2085,1665,412,18,0,0,1098,99,112,151,0,0,1
1651,2071,2146,419,0,0,2096,2010,723,133,0,0,1342,478,109,141,0,0,1
1616,2032,1968,0,0,0,1872,1149,234,0,0,0,1067,74,106,122,0,0,1
1615,2029,1955,0,0,0,1744,847,172,0,0,0,825,41,137,73,0,219,1
1600,1998,784,0,0,84,1326,611,61,0,0,0,48,43,165,0,0,889,1
1633,2045,2062,154,0,0,1955,1215,267,0,0,0,1019,64,140,91,0,280,1
1600,1999,1339,0,0,0,1703,1070,235,0,0,0,1104,155,109,180,0,0,1
1602,2006,1569,0,0,192,1159,507,1,0,0,1136,15,114,102,0,448,1583,1
1571,1936,398,0,0,642,1300,731,87,0,0,0,428,59,150,60,0,64,1
1632,2046,2041,65,0,0,1788,1091,208,0,0,0,305,55,154,10,0,625,1
1522,554,0,0,784,1856,277,0,0,0,547,1801,20,141,0,0,855,1604,1
1597,1999,1134,0,0,0,1664,848,169,0,0,0,979,41,101,64,0,31,1
1523,866,0,0,297,1845,395,65,0,0,0,1445,0,126,177,0,107,1414,1
1633,2035,1988,0,0,0,1473,709,83,0,0,0,33,61,216,0,0,1153,1
1631,2041,2079,224,0,0,2017,1594,454,38,0,0,1125,365,116,185,0,0,1
1579,1978,557,0,0,283,1310,666,59,0,0,0,63,35,132,2,0,566,1
1620,2036,1926,0,0,0,1535,733,95,0,0,0,174,28,125,0,0,944,1
1602,1987,554,0,0,0,1460,743,119,0,0,0,1050,48,75,172,0,0,1
1625,2039,2046,60,0,0,1794,1085,204,0,0,0,81,52,172,0,0,1073,1
1597,2010,1914,0,0,0,1987,1359,350,23,0,0,1217,406,81,144,0,0,1
1613,2019,1825,0,0,0,1426,720,71,0,0,0,48,32,135,0,0,742,1
1670,2102,2188,586,0,0,2090,1657,415,14,0,0,1123,64,81,147,0,0,1
1594,1987,557,0,0,192,1344,615,80,0,0,0,831,35,84,128,0,0,1
1614,2031,1807,0,0,0,1393,622,47,0,0,0,17,38,208,0,0,1328,1
1594,1993,731,0,0,0,1583,979,192,0,0,0,1062,89,115,179,0,0,1
1588,1990,758,0,0,242,1258,624,38,0,0,125,27,64,205,0,0,1109,1
1625,2039,2058,0,0,0,1996,1296,297,0,0,0,1121,208,76,177,0,0,1
1609,2023,912,0,0,241,1178,467,2,0,0,319,6,46,214,0,0,1152,1
1625,2060,2104,263,0,0,1888,1120,206,0,0,0,52,55,185,0,0,1102,1
1616,2031,2039,217,0,0,1905,950,219,0,0,0,800,50,166,20,0,816,1
1597,2000,1851,0,0,0,1815,964,214,0,0,0,1059,80,122,178,0,0,1
1577,1981,614,0,0,836,763,305,0,0,0,869,0,77,209,0,116,1467,1
1520,1009,0,0,116,1750,411,173,0,0,0,1268,0,97,237,0,80,1178,1
1650,2080,2145,361,0,0,2046,1180,271,0,0,0,1105,53,76,199,0,0,1
1600,1995,674,0,0,293,890,320,38,0,0,0,267,23,129,128,0,0,1
1612,2028,1973,0,0,0,1419,454,99,0,0,0,121,31,181,26,0,565,1
1616,2035,2073,376,0,0,1975,1270,309,23,0,0,1086,226,140,189,0,0,1
1573,1927,391,0,0,1285,466,241,1,0,0,357,6,64,304,0,3,1291,1
1535,1798,0,0,48,1805,208,49,0,0,0,1623,5,181,27,0,897,1645,1
1445,256,0,0,1744,1903,80,0,0,0,1869,1853,54,181,0,175,1873,1699,1
1271,0,0,0,1789,1906,86,0,0,0,1377,1833,34,254,0,57,1710,1689,1
1535,1607,0,0,53,1763,235,107,0,0,0,1339,0,128,186,0,147,1573,1
1498,511,0,0,1050,1870,148,0,0,0,133,1794,14,287,0,0,1210,1647,1
1535,1834,218,0,0,1381,417,230,6,0,0,88,0,49,304,0,0,1062,1
1594,1989,1557,0,0,16,929,335,45,0,0,0,6,62,300,0,0,1194,1
1514,640,0,0,1047,1870,136,0,0,0,832,1818,36,258,0,82,1766,1698,1
1392,61,0,0,1727,1902,95,0,0,0,1305,1836,33,282,0,0,1610,1694,1
1535,1716,0,0,18,1757,243,111,0,0,0,1347,0,119,175,0,192,1592,1
1598,1988,543,0,0,399,714,269,25,0,0,0,7,38,274,0,0,1060,1
1611,2006,1217,0,0,18,926,302,39,0,0,0,16,38,287,0,0,1136,1
1523,1594,0,0,78,1706,263,142,0,0,0,1327,0,131,180,0,153,1509,1
1559,1923,426,0,0,930,671,304,26,0,0,37,16,61,289,0,0,1076,1
1530,1490,0,0,145,1843,202,22,0,0,38,1756,4,226,0,0,1109,1645,1
1574,1931,71,0,0,1337,450,225,0,0,0,47,3,41,304,0,0,1082,1
1591,1993,1746,0,0,0,1408,523,130,0,0,0,384,39,155,35,0,542,1
1554,1904,352,0,0,1369,447,237,0,0,0,560,0,80,288,0,21,1169,1
1601,1995,1577,0,0,0,1079,384,51,0,0,0,11,51,294,0,0,1154,1
1558,1792,0,0,30,1767,224,64,0,0,0,1715,12,257,0,0,1309,1667,1
1456,350,0,0,1247,1862,160,2,0,0,211,1782,28,258,0,0,1281,1643,1
1535,1898,400,0,0,944,789,369,29,0,0,30,27,61,235,0,0,983,1
1518,1157,0,0,479,1847,177,1,0,0,496,1801,37,281,0,108,1590,1680,1
1173,0,0,84,2013,1921,27,0,0,14,2096,1871,74,29,0,767,2000,1735,1
1507,570,0,0,336,1855,197,32,0,0,0,1651,7,167,16,0,749,1632,1
1569,1971,576,0,0,147,1033,387,71,0,0,0,107,48,192,16,0,629,1
1577,1967,613,0,0,553,762,334,15,0,0,551,9,115,245,0,143,1420,1
1481,292,0,0,1618,1894,98,0,0,0,1830,1850,67,136,0,350,1948,1723,1
1039,0,0,149,2157,1936,0,0,0,0,2128,1875,73,110,0,305,1968,1728,1
1554,1846,0,0,0,1558,306,170,0,0,0,850,0,62,310,0,0,1288,1
1506,417,0,0,1362,1878,145,0,0,0,197,1792,5,209,16,0,526,1604,1
1611,2006,1748,0,0,0,1087,370,58,0,0,0,16,72,315,0,32,1179,1
1506,682,0,0,785,1855,161,0,0,0,960,1815,57,209,0,201,1882,1707,1
1502,912,0,0,102,1743,272,149,0,0,0,1298,2,129,189,0,142,1484,1
1578,1971,708,0,0,150,909,330,46,0,0,0,32,43,254,0,0,981,1
1567,1901,283,0,0,1463,343,185,0,0,0,1314,5,147,70,0,794,1616,1
1552,1808,0,0,0,1477,330,195,0,0,0,592,2,65,298,0,0,1287,1
1595,1994,1283,0,0,0,1094,373,55,0,0,0,17,49,299,0,0,1169,1
1520,1467,0,0,128,1813,227,48,0,0,113,1781,18,293,0,0,1408,1670,1
699,0,0,155,2023,1917,85,0,0,0,163,1804,8,207,2,0,569,1629,1
1611,2006,1810,0,0,0,1569,495,142,0,0,0,967,33,125,136,0,21,1
1563,1935,427,0,0,1094,612,286,0,0,0,944,9,112,176,0,188,1516,1
1595,2000,1765,0,0,0,1381,511,104,0,0,0,149,33,167,0,0,950,1
1572,1947,397,0,0,1126,751,317,4,0,0,265,1,61,247,0,0,1172,1
1573,1943,398,0,0,1122,734,319,12,0,0,263,16,53,240,0,0,1179,1
1567,1941,399,0,0,1123,745,322,11,0,0,268,9,48,244,0,1,1175,1
1562,1947,400,0,0,1121,749,320,6,0,0,266,2,48,253,0,0,1172,1
1571,1951,396,0,0,1122,742,308,4,0,0,263,0,22,243,0,14,1173,1
1504,1456,231,0,1621,1904,1262,0,0,0,313,1826,0,0,0,0,180,1610,2
1506,1501,246,0,1390,1904,1328,108,0,0,107,1817,0,0,0,0,131,1535,2
1498,1486,244,0,1406,1902,1328,106,0,0,113,1822,0,0,0,0,134,1507,2
1506,1616,286,0,992,1889,1619,393,0,0,0,1702,0,0,0,0,0,1255,2
1535,1872,842,0,97,1859,1887,615,0,0,0,1399,66,0,0,0,0,764,2
1557,1910,1257,0,47,1786,1911,1072,0,0,0,1287,281,0,0,0,0,948,2
1521,1649,303,0,979,1884,1255,4,0,0,265,1824,0,0,0,0,241,1682,2
1434,1094,0,47,2094,1923,715,0,0,0,1782,1855,0,0,0,0,688,1693,2
1466,1294,25,0,1803,1906,1088,0,0,0,763,1837,0,0,0,0,237,1676,2
1494,1398,219,0,1407,1898,1273,193,0,0,83,1792,0,0,0,0,45,1356,2
1507,1616,303,0,809,1884,1507,393,0,0,53,1729,0,0,0,0,27,1311,2
1483,1385,240,0,1706,1890,1211,0,0,0,1262,1831,0,0,0,0,576,1680,2
1291,443,0,849,2181,1936,12,0,0,240,2337,1871,0,0,0,16,1524,1696,2
1520,1584,311,0,781,1842,1603,442,0,0,0,1344,49,0,0,0,0,759,2
1585,1969,1584,23,0,682,1984,1774,3,0,0,0,1071,19,0,0,0,0,2
1566,1927,1230,0,2,1579,1689,450,0,0,0,1233,35,0,0,0,0,1183,2
1513,1481,86,0,1257,1886,752,0,0,0,766,1817,0,0,0,0,709,1680,2
1457,976,0,41,1943,1921,48,0,0,0,1856,1854,0,0,0,0,1415,1702,2
1492,1329,0,0,1329,1883,1070,0,0,0,150,1640,0,0,0,0,36,1291,2
1535,1814,475,0,113,1710,1589,452,0,0,0,1226,48,0,0,0,0,797,2
1553,1888,620,0,122,1753,1467,270,0,0,0,1337,0,0,0,0,0,1239,2
1535,1835,688,0,116,1690,1857,688,0,0,0,842,237,0,0,0,0,80,2
1590,1987,1654,161,0,763,1997,1809,0,0,0,0,1040,0,0,0,0,0,2
1573,1947,1487,0,0,1440,1886,721,0,0,0,1123,48,0,0,0,0,1219,2
1488,1338,0,0,1628,1894,386,0,0,0,1621,1827,0,0,0,0,1523,1709,2
979,178,0,1002,2191,1941,0,0,0,432,2243,1872,0,0,0,128,1610,1715,2
1003,181,0,911,2191,1939,0,0,0,423,2218,1871,0,0,0,62,1579,1712,2
1396,880,0,134,1898,1913,112,0,0,0,1776,1838,0,0,0,0,855,1674,2
1497,1414,202,0,1082,1872,1150,0,0,0,151,1591,0,0,0,0,30,1277,2
1523,1603,257,0,743,1871,1141,0,0,0,204,1785,0,0,0,0,257,1664,2
1523,1535,223,0,650,1862,1350,113,0,0,0,1328,4,0,0,0,0,1008,2
1575,1942,1456,0,0,1437,1936,1219,0,0,0,16,1035,0,0,0,0,0,2
1600,2022,1950,411,0,0,2033,2061,149,0,0,0,1126,67,0,0,0,0,2
1584,1971,1566,0,0,1422,1920,798,0,0,0,1175,48,0,0,0,0,1167,2
1535,1797,371,0,227,1841,1392,155,0,0,5,1347,0,0,0,0,0,1095,2
1581,1948,1469,0,0,1456,1937,1106,0,0,0,194,882,0,0,0,0,0,2
1602,2006,1872,301,0,34,2036,2078,207,0,0,0,1295,384,0,0,0,0,2
1619,2066,2129,1503,0,0,2080,2559,907,0,0,0,1325,683,0,0,0,0,2
1616,2032,2032,669,0,0,2032,2060,112,0,0,0,1077,9,0,0,0,0,2
1583,1936,1325,0,73,1697,1735,451,0,0,0,1287,28,0,0,0,0,947,2
1585,1970,1594,66,0,1099,2000,1857,0,0,0,0,1120,45,0,0,0,0,2
1617,2058,2112,1455,0,0,2086,2591,1178,0,0,0,1343,1590,30,0,0,0,2
1631,2054,2087,902,0,43,2042,2069,64,0,0,0,1053,0,0,0,0,0,2
1623,2047,2095,1234,0,0,2082,2559,931,0,0,0,1345,1595,36,0,0,0,2
1648,2096,2189,1983,405,0,2103,2668,1939,182,0,0,1383,1984,167,0,0,0,2
1647,2112,2218,2178,1119,0,2125,2681,2025,282,0,0,1375,1883,87,0,0,0,2
1626,2064,2128,1450,0,0,2077,2442,439,0,0,0,1296,336,0,0,0,0,2
1615,2026,1957,587,0,0,2053,2192,277,0,0,0,1309,447,0,0,0,0,2
1648,2093,2181,1888,272,0,2100,2655,1870,58,0,0,1379,1904,95,0,0,0,2
1648,2114,2224,2213,1381,0,2128,2704,2511,720,0,0,1403,2141,484,0,0,0,2
1648,2115,2223,2173,704,0,2123,2671,1903,22,0,0,1367,1771,16,0,0,0,2
1642,2075,2135,1518,0,0,2096,2598,949,0,0,0,1356,1698,14,0,0,0,2
1662,2118,2227,2219,1232,0,2127,2700,2557,829,0,0,1399,2126,263,0,0,0,2
1645,2096,2176,1744,61,0,2099,2629,1423,0,0,0,1332,673,0,0,0,0,2
1637,2096,2186,1947,240,0,2127,2688,2503,368,0,0,1381,2117,383,0,0,0,2
1651,2119,2223,2179,497,0,2125,2675,2116,39,0,0,1366,1808,0,0,0,0,2
1648,2096,2183,1986,264,0,2121,2679,2517,408,0,0,1390,2128,437,0,0,0,2
1663,2128,2243,2253,1648,0,2144,2723,2623,1968,33,0,1415,2170,1535,30,0,0,2
1654,2123,2237,2240,1424,0,2135,2704,2559,760,0,0,1384,2111,287,0,0,0,2
1637,2094,2167,1681,43,0,2106,2630,1677,0,0,0,1344,1371,0,0,0,0,2
1650,2099,2192,2073,283,0,2122,2681,2506,347,0,0,1377,2112,318,0,0,0,2
1663,2128,2245,2256,1659,0,2140,2720,2619,1965,19,0,1407,2161,1507,17,0,0,2
1658,2125,2247,2257,1610,0,2134,2731,2594,1121,0,0,1393,2116,284,0,0,0,2
1639,2093,2167,1680,24,0,2109,2643,1727,0,0,0,1339,1058,0,0,0,0,2
1616,2039,2033,269,0,567,2059,2375,49,0,0,0,1178,0,0,0,0,0,2
1606,2003,1750,143,0,931,2039,2486,227,0,0,0,1314,526,0,0,0,0,2
1645,2093,2187,2041,309,0,2117,2681,2512,427,0,0,1394,2127,426,0,0,0,2
1648,2105,2215,2167,834,0,2116,2669,2063,247,0,0,1360,1728,10,0,0,0,2
1603,2021,1979,415,0,80,2025,2015,143,0,0,0,990,0,0,0,0,198,2
1509,1520,273,0,944,1890,1321,199,0,0,74,1769,0,0,0,0,0,1229,2
1532,1891,1162,0,0,1506,1936,1602,0,0,0,96,995,0,0,0,0,0,2
1566,1935,1445,0,0,1723,1946,1008,0,0,0,1327,37,0,0,0,0,1222,2
1535,1919,1089,0,0,1773,1982,1787,0,0,0,44,1070,0,0,0,0,0,2
1615,2037,2069,845,0,0,2075,2559,929,0,0,0,1323,786,0,0,0,0,2
1598,1979,1583,5,0,1666,1972,1257,0,0,0,1382,18,0,0,0,0,1307,2
1501,1371,0,0,1853,1923,1114,0,0,0,816,1846,0,0,0,0,187,1603,2
1535,1900,893,0,0,1809,1965,1495,0,0,0,352,1011,0,0,0,0,0,2
1616,2042,2098,1329,0,0,2083,2607,1617,0,0,0,1339,1607,0,0,0,0,2
1600,1987,1797,278,0,874,2000,1958,22,0,0,115,979,0,0,0,0,106,2
1535,1870,731,0,93,1859,1849,470,0,0,0,1655,0,0,0,0,95,1379,2
1483,1389,209,0,1246,1898,1383,241,0,0,25,1744,0,0,0,0,0,1250,2
1535,1917,1392,0,0,1494,1981,1903,0,0,0,35,1040,5,0,0,0,0,2
1601,2002,1973,474,0,0,2042,2503,448,0,0,0,1291,509,0,0,0,0,2
1611,2028,2074,1301,2,0,2062,2559,1474,8,0,0,1328,1431,16,0,0,0,2
1616,2043,2115,1535,154,0,2081,2617,1812,58,0,0,1346,1811,54,0,0,0,2
1623,2064,2150,1633,295,0,2096,2630,1869,191,0,0,1351,1843,90,0,0,0,2
1629,2070,2146,1683,322,0,2094,2640,1923,315,0,0,1349,1873,129,0,0,0,2
1606,2022,2047,982,0,0,2032,2393,411,0,0,0,1168,322,0,0,0,0,2
1570,1967,1616,272,0,1146,1986,1957,80,0,0,145,979,0,0,0,0,342,2
1519,1810,615,0,143,1862,1846,528,0,0,0,1433,37,0,0,0,0,1219,2
1511,1703,334,0,858,1883,1374,290,0,0,141,1807,0,0,0,0,213,1583,2
1484,1328,153,0,1750,1905,1173,0,0,0,1280,1841,0,0,0,0,465,1687,2
1415,991,0,117,2123,1926,272,0,0,16,1984,1861,0,0,0,17,1535,1712,2
1156,247,0,816,2207,1933,29,0,0,214,2449,1878,0,0,0,97,1635,1725,2
966,211,0,1372,2215,1942,0,0,0,435,2587,1888,0,0,0,304,1978,1735,2
880,160,1,1682,2224,1947,0,0,0,567,2590,1889,0,0,0,310,2023,1737,2
912,177,0,1519,2224,1949,0,0,0,413,2583,1888,0,0,0,305,2038,1739,2
833,0,17,1927,2245,1958,0,0,0,1487,2601,1901,0,0,0,368,2066,1744,2
837,12,16,1871,2242,1955,0,0,0,836,2594,1897,0,0,0,282,2012,1741,2
1225,238,0,574,2207,1945,38,0,0,0,2165,1872,0,0,0,0,816,1699,2
1490,1282,0,0,1966,1923,1042,0,0,0,1011,1844,0,0,0,0,215,1679,2
1522,1604,201,0,1206,1894,1609,143,0,0,5,1795,0,0,0,0,0,1328,2
1557,1904,624,0,87,1870,1931,607,0,0,0,1518,128,0,0,0,0,782,2
1573,1948,1334,0,0,1807,1943,1123,0,0,0,1280,321,0,0,0,0,1084,2
1514,1511,297,0,1041,1886,1274,218,0,0,266,1828,0,0,0,0,528,1682,2
1301,523,0,275,2181,1933,80,0,0,17,1950,1859,0,0,0,0,1017,1693,2
1460,1280,50,0,1847,1911,1137,0,0,0,1267,1843,0,0,0,0,341,1689,2
1486,1381,240,0,1364,1893,1415,351,0,0,34,1726,0,0,0,0,0,1264,2
1531,1842,681,0,125,1856,1879,624,0,0,0,1327,258,0,0,0,0,496,2
1573,1949,1520,144,0,1430,1997,1968,78,0,0,0,1102,133,0,0,0,0,2
1600,2001,1983,550,0,0,2047,2533,550,0,0,0,1300,634,0,0,0,0,2
1611,2039,2102,1466,35,0,2087,2613,1775,18,0,0,1343,1779,37,0,0,0,2
1629,2075,2151,1680,263,0,2096,2645,1996,213,0,0,1360,1954,178,0,0,0,2
1648,2108,2203,2159,771,0,2123,2687,2530,757,0,0,1392,2128,496,0,0,0,2
1655,2112,2219,2206,1319,0,2124,2698,2559,1069,0,0,1392,2125,426,0,0,0,2
1643,2096,2189,2032,309,0,2112,2672,2307,241,0,0,1375,2082,238,0,0,0,2
1648,2112,2218,2187,784,0,2128,2683,2475,389,0,0,1371,1949,74,0,0,0,2
1623,2034,2091,1089,0,0,2061,2547,523,0,0,0,1309,803,0,0,0,0,2
1648,2090,2167,1837,256,0,2102,2645,1885,36,0,0,1346,1648,0,0,0,0,2
1613,2029,2047,411,0,464,2037,2395,181,0,0,0,1171,0,0,0,0,0,2
1594,1991,1635,66,0,1564,2010,1947,0,0,0,601,926,0,0,0,0,201,2
1570,1911,667,0,166,1872,1905,417,0,0,0,1741,0,0,0,0,0,1342,2
1535,1648,144,0,1709,1912,1281,0,0,0,891,1844,0,0,0,0,275,1680,2
1488,1147,0,6,2161,1936,395,0,0,0,2277,1872,0,0,0,0,1535,1715,2
1383,180,0,1152,2228,1953,0,0,0,447,2583,1899,0,0,0,262,2036,1738,2
1450,781,0,2,2147,1927,1005,0,0,0,557,1831,0,0,0,0,0,1365,2
1588,1970,1531,0,0,1648,2009,1978,0,0,0,0,1155,2,0,0,0,0,2
1623,2059,2114,1339,0,0,2084,2614,1529,0,0,0,1333,1499,0,0,0,0,2
1634,2083,2167,1801,181,0,2106,2654,2000,52,0,0,1361,1901,47,0,0,0,2
1637,2097,2194,2087,323,0,2113,2668,2170,158,0,0,1365,1894,66,0,0,0,2
1634,2081,2159,1647,141,0,2095,2624,1728,0,0,0,1318,979,0,0,0,0,2
1601,1995,1851,292,0,1095,2000,1970,48,0,0,288,960,0,0,0,0,368,2
1531,1822,511,0,191,1869,1877,606,0,0,0,1291,429,0,0,0,0,47,2
1587,1989,1879,367,0,36,2044,2533,720,0,0,0,1310,1487,17,0,0,0,2
1622,2069,2134,1569,157,0,2082,2608,1711,6,0,0,1313,1225,0,0,0,0,2
1617,2037,2080,1170,0,0,2057,2535,471,0,0,0,1264,298,0,0,0,0,2
1595,1975,1630,162,0,1423,2000,1943,0,0,0,349,940,0,0,0,0,145,2
1555,1897,794,0,105,1870,1874,454,0,0,0,1744,0,0,0,0,9,1392,2
1498,1421,129,0,1746,1910,1200,0,0,0,1295,1850,0,0,0,0,640,1700,2
1460,1008,0,48,2153,1931,465,0,0,0,1919,1882,0,0,0,0,609,1695,2
1530,1664,214,0,1174,1894,1709,170,0,0,4,1776,0,0,0,0,0,1194,2
1581,1950,1383,0,0,1791,1977,1630,0,0,0,656,975,0,0,0,0,0,2
1602,2018,2034,496,0,89,2047,2533,411,0,0,0,1289,454,0,0,0,0,2
1619,2064,2128,1489,0,0,2089,2615,1745,0,0,0,1328,1662,0,0,0,0,2
1632,2070,2151,1659,158,0,2095,2635,1843,23,0,0,1339,1799,16,0,0,0,2
1630,2067,2129,1488,0,0,2074,2587,886,0,0,0,1294,401,0,0,0,0,2
1595,2007,1848,186,0,1374,2012,1983,0,0,0,462,912,0,0,0,0,103,2
1578,1954,1215,0,0,1855,1935,574,0,0,0,1701,0,0,0,0,0,1323,2
1535,1783,209,0,1415,1900,1405,0,0,0,311,1836,0,0,0,0,245,1686,2
1473,703,0,97,2193,1941,81,0,0,0,2221,1867,0,0,0,0,298,1685,2
1563,1904,510,0,83,1866,1926,633,0,0,0,1429,125,0,0,0,0,259,2
1594,1993,1712,112,0,1294,2026,2167,15,0,0,0,1233,16,0,0,0,0,2
1616,2037,2077,609,0,0,2067,2550,429,0,0,0,1296,450,0,0,0,0,2
1633,2071,2134,1567,1,0,2091,2625,1776,0,0,0,1332,1676,0,0,0,0,2
1638,2079,2148,1616,17,0,2082,2611,1422,0,0,0,1317,625,0,0,0,0,2
1600,2000,1811,206,0,1286,2023,2131,69,0,0,0,1264,251,0,0,0,0,2
1619,2064,2141,1590,116,0,2094,2633,1828,17,0,0,1331,1718,1,0,0,0,2
1616,2054,2096,1170,0,0,2058,2505,378,0,0,0,1244,177,0,0,0,0,2
1587,1971,1566,47,0,1529,1969,1529,0,0,0,922,355,0,0,0,0,423,2
1583,1963,1561,50,0,1335,1996,1906,0,0,0,0,1057,0,0,0,0,0,2
1593,2009,2028,883,0,0,2047,2506,570,0,0,0,1286,368,0,0,0,0,2
1593,1991,1577,0,0,1572,1939,562,0,0,0,1376,11,0,0,0,0,1254,2
1535,1685,94,0,1103,1901,861,0,0,0,316,1829,0,0,0,0,0,1659,2
1582,1915,401,0,48,1871,1456,6,0,0,9,1802,0,0,0,0,0,1659,2
1513,1403,0,0,1727,1908,730,0,0,0,484,1827,0,0,0,0,151,1670,2
1502,1490,130,0,950,1901,1130,0,0,0,317,1825,0,0,0,0,880,1685,2
1470,1325,167,0,1485,1901,870,0,0,0,805,1854,0,0,0,0,631,1701,2
1510,1429,0,0,1712,1902,871,0,0,0,437,1805,0,0,0,0,77,1553,2
1486,1362,244,0,1291,1889,1152,0,0,0,58,1808,0,0,0,0,0,1472,2
1512,1417,7,0,1280,1871,1168,35,0,0,39,1461,0,0,0,0,0,1231,2
1486,1425,221,0,1077,1899,1321,54,0,0,0,1765,0,0,0,0,0,1316,2
1513,1616,299,0,578,1881,1257,25,0,0,5,1808,0,0,0,0,151,1674,2
1470,1306,1,0,1668,1895,989,0,0,0,63,1808,0,0,0,0,0,1665,2
1490,1350,0,0,1648,1904,863,0,0,0,551,1822,0,0,0,0,274,1674,2
1456,1023,0,0,2090,1934,0,0,0,26,2528,1886,0,0,0,214,2059,1742,2
0,0,822,2288,2288,1972,0,0,95,2651,2647,1908,0,0,330,1743,2110,1710,2
0,139,2246,2346,2304,1970,0,163,2669,2713,2650,1898,0,368,1818,1765,2062,1680,2
0,479,2262,2352,2308,1974,0,0,2192,2703,2658,1904,0,0,77,1664,2087,1701,2
826,0,17,1907,2227,1943,0,0,0,2143,2579,1872,0,0,0,932,2027,1680,2
630,0,0,1418,2185,1920,0,0,0,48,2141,1833,0,0,0,2,1522,1634,2
682,1085,54,143,1763,1865,227,0,0,0,1737,1787,0,0,0,0,656,1582,2
971,1264,231,0,1383,1839,527,0,0,0,407,1535,0,0,0,0,192,1263,2
898,1396,709,0,182,1584,1200,442,0,0,0,1214,48,0,0,0,0,955,2
1500,1811,1099,0,119,1472,1520,717,0,0,0,1039,155,0,0,0,0,194,2
1516,1895,1524,266,0,989,1910,1715,125,0,0,0,1037,208,0,0,0,0,2
1535,1950,1722,659,0,0,1968,2002,406,0,0,0,1082,466,16,0,0,0,2
1520,1892,1507,222,3,1358,1689,816,0,0,0,1243,46,0,0,0,27,1200,2
1495,1847,1398,80,61,1335,1875,1509,93,0,0,0,1041,304,0,0,0,0,2
1561,1982,1982,1146,16,0,2022,2369,1009,48,0,0,1287,1151,94,0,0,0,2
1567,1984,1984,1072,4,0,1998,2064,443,0,0,0,1074,414,0,0,0,0,2
1531,1905,1520,207,0,1182,1858,1168,0,0,0,448,284,0,0,0,0,534,2
1487,1479,339,0,270,1761,1203,174,0,0,163,1453,0,0,0,0,247,1443,2
1421,1239,14,0,1488,1860,606,0,0,0,689,1764,0,0,0,0,276,1514,2
1447,1366,290,0,386,1753,1272,416,0,0,34,1229,80,0,0,0,0,240,2
1509,1885,1488,167,0,1168,1872,1363,42,0,0,113,862,48,0,0,0,0,2
1553,1951,1674,498,0,0,1974,2027,442,0,0,0,1147,533,43,0,0,0,2
1567,1968,1767,609,0,0,1943,1954,315,0,0,0,1035,171,0,0,0,0,2
1502,1744,611,0,187,1711,1223,325,0,0,129,1333,0,0,0,0,100,1197,2
1493,1801,1163,0,100,1403,1717,1102,16,0,0,204,882,51,0,0,0,0,2
1525,1904,1535,287,0,764,1914,1690,123,0,0,17,947,58,0,0,0,0,2
1521,1878,1380,0,20,1307,1772,1045,0,0,0,375,490,27,0,0,0,25,2
1526,1883,1425,12,18,1349,1728,921,0,0,0,784,109,0,0,0,0,808,2
1486,1437,313,0,438,1782,1162,83,0,0,256,1650,0,0,0,0,295,1566,2
1421,1223,0,11,1665,1867,319,0,0,0,1661,1792,0,0,0,0,1435,1616,2
1069,236,0,403,2112,1906,0,0,0,219,1901,1818,0,0,0,0,1293,1619,2
1486,1328,0,0,1375,1867,912,0,0,0,205,1738,0,0,0,0,83,1263,2
1530,1767,394,0,141,1719,1510,421,0,0,0,1169,65,0,0,0,0,370,2
1568,1958,1556,34,0,1023,1939,1456,0,0,0,0,992,0,0,0,0,0,2
1575,1981,1712,282,0,83,1997,1957,100,0,0,0,1081,153,0,0,0,0,2
1589,2000,1895,445,0,0,2019,2095,357,0,0,0,1261,455,0,0,0,0,2
1605,2022,2071,1301,0,0,2043,2442,784,0,0,0,1296,714,18,0,0,0,2
1598,1990,1840,363,0,39,1967,1866,53,0,0,0,975,7,0,0,0,0,2
1531,1875,1090,0,75,1497,1531,490,0,0,0,1283,15,0,0,0,0,1187,2
1495,1674,405,0,194,1744,1314,240,0,0,98,1373,0,0,0,0,175,1293,2
1488,1424,263,0,692,1829,1225,96,0,0,82,1346,0,0,0,0,0,1173,2
1535,1884,1203,0,0,1463,1817,909,0,0,0,374,751,0,0,0,0,0,2
1530,1866,1007,0,99,1573,1391,371,0,0,70,1361,0,0,0,0,229,1494,2
1380,811,0,112,1865,1886,37,0,0,134,1949,1818,0,0,0,256,1859,1634,2
843,39,8,1606,2182,1916,0,0,0,465,2443,1838,0,0,0,63,1579,1625,2
1418,1206,13,0,1726,1869,973,0,0,0,196,1567,0,0,0,0,0,1307,2
1520,1883,1392,13,0,1463,1907,1533,32,0,0,95,1022,48,0,0,0,0,2
1511,1767,686,0,160,1727,1255,190,0,0,336,1712,0,0,0,0,1135,1617,2
1001,270,0,421,2075,1895,0,0,0,274,1968,1813,0,0,0,0,1535,1616,2
1433,1328,244,0,1283,1838,1188,159,0,0,112,1411,0,0,0,0,0,1310,2
1521,1895,1441,64,0,1413,1899,1379,11,0,0,455,717,6,0,0,0,562,2
1488,1456,304,0,624,1821,1187,52,0,0,213,1666,0,0,0,0,272,1599,2
1377,610,0,169,2009,1900,0,0,0,235,1983,1825,0,0,0,13,1556,1645,2
1446,1243,0,0,1463,1857,1056,0,0,0,143,1499,0,0,0,0,0,1228,2
1535,1916,1446,0,0,1306,1918,1270,0,0,0,234,499,0,0,0,0,526,2
1482,1372,208,0,1319,1853,718,0,0,0,1081,1776,0,0,0,0,1086,1615,2
1383,967,0,11,1713,1862,657,0,0,0,381,1667,0,0,0,0,204,1284,2
1483,1472,362,0,194,1643,1389,505,0,0,0,1195,90,0,0,0,0,265,2
1516,1886,1481,133,19,1343,1665,869,0,0,0,1241,50,0,0,0,125,1244,2
1399,1182,6,114,1712,1870,206,0,0,179,1830,1791,0,0,0,0,1126,1603,2
1344,910,0,112,1670,1856,546,0,0,0,1151,1755,0,0,0,0,289,1421,2
1415,1246,69,0,1591,1846,715,0,0,0,1133,1764,0,0,0,0,915,1607,2
962,328,0,272,1979,1881,21,0,0,382,1987,1813,0,0,0,311,1782,1631,2
645,0,78,1787,2176,1904,0,0,0,1990,2537,1836,0,0,0,942,1955,1634,2
852,182,0,739,2071,1882,14,0,0,289,1951,1808,0,0,0,48,1583,1616,2
1047,415,0,164,1783,1872,0,0,0,47,1922,1795,0,0,0,0,1515,1616,2
1118,454,0,162,1768,1868,139,0,0,47,1375,1776,0,0,0,0,333,1488,2
1414,1310,219,0,832,1783,1103,176,0,0,162,1363,0,0,0,0,211,1238,2
1445,1381,331,0,199,1584,1309,475,0,0,18,1149,17,0,0,0,0,299,2
1498,1860,1405,17,0,822,1488,1429,32,0,0,0,161,64,0,0,0,0,2
1511,1873,1183,0,0,1147,1258,896,0,0,0,449,283,0,0,0,0,1141,2
1423,911,0,0,1449,1872,208,0,0,0,1120,1800,0,0,0,0,1443,1633,2
912,0,0,739,2171,1934,0,0,0,534,2529,1854,0,0,0,832,1964,1648,2
497,0,130,1901,2192,1923,0,0,51,1878,2511,1834,0,0,0,294,1872,1627,2
1423,911,0,12,1753,1879,304,0,0,0,1100,1790,0,0,0,0,1355,1616,2
48,0,144,2089,2224,1935,0,0,38,1856,2527,1842,0,0,0,250,1909,1632,2
1392,982,0,0,1495,1861,846,0,0,0,112,1685,0,0,0,0,23,1248,2
1489,1738,449,0,70,1633,1615,629,0,0,0,373,829,30,0,0,0,0,2
1535,1957,1651,293,0,0,1991,2041,400,0,0,0,1249,607,34,0,0,0,2
1579,1999,2045,1317,0,0,2025,2507,1088,16,0,0,1297,1731,132,0,0,0,2
1584,2011,2079,1488,16,0,2033,2547,1281,25,0,0,1288,1534,91,0,0,0,2
1566,1975,1801,327,0,16,1943,1930,114,0,0,0,1007,70,0,0,0,135,2
1488,1563,296,0,271,1797,1229,144,0,0,82,1602,0,0,0,0,189,1584,2
1409,1102,0,16,1717,1874,181,0,0,2,1661,1796,0,0,0,0,1449,1617,2
885,0,0,1199,2161,1914,0,0,0,457,2499,1839,0,0,0,270,1930,1642,2
846,0,0,982,2144,1904,0,0,0,48,1805,1797,0,0,0,0,915,1606,2
1452,1325,0,0,1008,1843,1201,73,0,0,33,1373,0,0,0,0,0,1190,2
1505,1822,681,0,30,1585,1719,706,0,0,0,329,794,16,0,0,0,0,2
1535,1938,1564,157,0,430,1936,1935,197,0,0,0,1090,460,0,0,0,0,2
1569,1981,1919,540,0,0,1999,2077,398,0,0,0,1097,434,0,0,0,0,2
1499,1856,862,0,73,1649,1405,469,0,0,0,1264,36,0,0,0,47,1264,2
1424,1250,0,0,1389,1857,703,0,0,0,496,1771,0,0,0,0,912,1599,2
1149,256,0,170,2033,1899,0,0,0,110,1857,1811,0,0,0,15,1471,1617,2
1424,1221,0,0,1296,1855,1015,0,0,0,80,1443,0,0,0,0,0,1180,2
1515,1868,1127,0,0,1422,1826,923,0,0,0,143,932,39,0,0,0,0,2
1535,1952,1643,269,0,30,1979,2002,346,0,0,0,1205,538,16,0,0,0,2
1574,2007,2026,988,0,0,2020,2306,605,0,0,0,1269,784,43,0,0,0,2
1563,1964,1650,254,0,327,1934,1891,77,0,0,0,1040,245,0,0,0,0,2
1558,1952,1625,240,0,107,1971,1994,333,0,0,0,1218,532,11,0,0,0,2
1565,1977,1815,350,0,0,1981,1999,289,0,0,0,1071,378,0,0,0,0,2
1527,1892,1430,0,0,1285,1869,1037,0,0,0,287,689,2,0,0,0,569,2
1509,1776,483,0,89,1717,1347,420,0,0,0,1274,30,0,0,0,0,1239,2
1446,1295,0,0,1351,1859,599,0,0,0,650,1776,0,0,0,0,1121,1606,2
1110,229,0,237,2082,1903,0,0,0,240,2029,1822,0,0,0,181,1850,1634,2
834,0,30,1557,2183,1921,0,0,5,1155,2525,1846,0,0,0,997,1954,1651,2
0,0,235,2141,2225,1936,0,0,91,2207,2557,1859,0,0,48,1343,1965,1651,2
973,163,0,208,2054,1900,53,0,0,0,1126,1777,0,0,0,0,192,1581,2
1479,1438,254,0,338,1789,1267,331,0,0,0,1262,70,0,0,0,0,962,2
1533,1915,1520,64,0,586,1936,1925,154,0,0,0,1102,432,0,0,0,0,2
1574,1989,2003,845,0,0,2017,2217,474,0,0,0,1203,503,0,0,0,0,2
1520,1863,791,0,80,1718,1339,400,0,0,0,1261,62,0,0,0,0,704,2
1553,1938,1572,197,0,486,1935,1902,131,0,0,0,1060,371,0,0,0,0,2
1559,1952,1629,263,0,140,1951,1964,262,0,0,0,1084,422,0,0,0,0,2
1563,1964,1679,303,0,2,1968,1981,301,0,0,0,1075,363,0,0,0,0,2
1522,1874,1102,0,19,1575,1598,544,0,0,0,1161,86,0,0,0,0,1143,2
1491,1463,231,0,706,1839,1136,0,0,0,147,1753,0,0,0,0,219,1586,2
1411,839,0,95,1934,1890,26,0,0,73,1856,1810,0,0,0,29,1499,1621,2
1408,995,0,0,1402,1858,1105,16,0,0,39,1377,16,0,0,0,0,1202,2
1513,1861,1002,0,6,1455,1805,894,0,0,0,228,905,48,0,0,0,142,2
1529,1906,1495,0,0,896,1934,1890,149,0,0,0,1091,486,11,0,0,0,2
1591,1998,2032,1040,0,0,2023,2368,708,0,0,0,1287,1214,73,0,0,0,2
1598,2018,2081,1507,19,0,2043,2559,1618,64,0,0,1309,1811,262,0,0,0,2
1604,2032,2116,1607,191,0,2055,2559,1589,39,0,0,1299,1568,80,0,0,0,2
1574,1998,2018,933,0,0,2034,2496,1014,0,0,0,1303,1802,223,0,0,0,2
1581,1985,1825,326,0,64,1946,1904,67,0,0,0,986,37,0,0,0,797,2
1447,1280,0,0,1420,1860,542,0,0,0,679,1776,0,0,0,0,1032,1606,2
1002,165,0,572,2142,1911,0,0,0,225,2031,1822,0,0,0,3,1451,1618,2
1483,1453,218,0,174,1778,1406,434,0,0,0,1087,247,0,0,0,0,235,2
1555,1957,1616,175,0,267,1975,1969,231,0,0,0,1184,487,0,0,0,0,2
1597,2003,2032,912,0,0,2026,2241,462,0,0,0,1233,501,0,0,0,0,2
1552,1904,1402,0,0,1351,1889,1115,0,0,0,0,1041,231,0,0,0,0,2
1594,2007,2079,1457,0,0,2055,2558,1297,6,0,0,1302,1518,68,0,0,0,2
1571,1968,1635,60,0,853,1922,1350,0,0,0,407,390,0,0,0,0,1018,2
1535,1904,1372,0,0,1266,1920,1485,0,0,0,0,1058,295,0,0,0,0,2
1584,2025,1833,348,0,0,2016,2075,346,0,0,0,1235,483,0,0,0,0,2
1602,2017,2067,1314,0,0,2045,2501,862,0,0,0,1287,941,22,0,0,0,2
1568,1963,1616,82,0,903,1925,1616,0,0,0,0,1015,65,0,0,0,0,2
1587,2013,2064,1249,0,0,2032,2384,540,0,0,0,1250,496,0,0,0,0,2
1535,1903,1419,0,0,1415,1587,543,0,0,0,1238,44,0,0,0,4,1204,2
1437,1251,0,0,1461,1865,488,0,0,0,944,1776,0,0,0,0,1438,1619,2
867,0,5,1226,2167,1910,0,0,0,318,2215,1822,0,0,0,43,1502,1619,2
1431,1277,0,0,1136,1841,1168,48,0,0,51,1354,16,0,0,0,0,1146,2
1531,1913,1510,2,0,813,1936,1879,108,0,0,0,1079,438,0,0,0,0,2
1583,1991,1984,688,0,0,1999,2026,359,0,0,0,1067,373,0,0,0,0,2
1552,1936,1582,233,0,129,1967,2000,368,0,0,0,1238,560,25,0,0,0,2
1555,1945,1590,197,0,765,1910,1535,0,0,0,68,784,16,0,0,0,511,2
1493,1566,310,0,192,1770,1253,258,0,0,48,1344,0,0,0,0,124,1378,2
1434,1266,0,0,1453,1866,437,0,0,0,954,1777,0,0,0,0,912,1601,2
1392,680,0,94,1924,1888,59,0,0,16,1730,1799,0,0,0,0,1003,1603,2
1456,1328,5,0,975,1840,1206,80,0,0,15,1327,14,0,0,0,0,1184,2
1507,1716,402,0,77,1705,1584,545,0,0,0,499,660,0,0,0,0,0,2
1565,1962,1634,162,0,270,1986,1968,153,0,0,0,1173,428,0,0,0,0,2
1589,2000,1962,497,0,0,2013,2041,257,0,0,0,1067,256,0,0,0,0,2
1519,1735,409,0,96,1753,1410,422,0,0,0,1167,80,0,0,0,0,573,2
1554,1936,1520,0,0,867,1937,1808,17,0,0,0,1077,346,0,0,0,0,2
1585,2007,2057,1078,0,0,2032,2423,718,0,0,0,1296,1632,80,0,0,0,2
1607,2055,2124,1557,0,0,2043,2501,717,0,0,0,1254,451,0,0,0,0,2
1535,1903,1209,0,0,1644,1535,447,0,0,0,1247,15,0,0,0,0,1232,2
1466,1277,0,0,1535,1881,321,0,0,0,1180,1795,0,0,0,0,1382,1623,2
1082,187,0,310,2136,1913,0,0,0,184,2042,1825,0,0,0,18,1533,1629,2
1424,1136,0,0,1526,1869,739,0,0,0,112,1665,0,0,0,0,43,1233,2
1497,1783,724,0,55,1499,1664,752,0,0,0,162,880,37,0,0,0,0,2
1535,1925,1533,153,0,731,1923,1776,58,0,0,0,1040,243,0,0,0,0,2
1526,1878,1137,0,58,1655,1359,400,0,0,15,1322,0,0,0,0,79,1279,2
1479,1408,215,0,832,1839,1133,8,0,0,112,1691,0,0,0,0,172,1557,2
1477,1501,298,0,128,1757,1322,364,0,0,0,1264,30,0,0,0,0,1163,2
1522,1883,1274,0,0,1385,1850,901,0,0,0,144,757,0,0,0,0,19,2
1535,1906,1445,0,0,1195,1904,1347,0,0,0,0,1050,224,0,0,0,0,2
1582,1983,1747,282,0,0,2002,2064,341,0,0,0,1275,701,26,0,0,0,2
1601,2033,2098,1469,0,0,2030,2495,755,0,0,0,1280,631,6,0,0,0,2
1569,1968,1651,223,0,332,1938,1833,22,0,0,0,1023,72,0,0,0,0,2
1534,1885,752,0,9,1646,1619,532,0,0,0,689,350,0,0,0,0,0,2
1581,1986,1779,304,0,0,2007,2064,334,0,0,0,1259,511,0,0,0,0,2
1601,2021,2074,1356,0,0,2039,2520,974,0,0,0,1299,1717,85,0,0,0,2
1600,2020,2064,1223,0,0,2025,2179,415,0,0,0,1216,427,0,0,0,0,2
1563,1962,1593,80,0,539,1949,1888,54,0,0,0,1081,356,0,0,0,0,2
1597,2027,2087,1451,0,0,2061,2557,1194,0,0,0,1297,1475,54,0,0,0,2
1568,1948,1535,42,0,1079,1904,1201,0,0,0,51,847,17,0,0,0,0,2
1560,1945,1575,219,0,210,1958,1969,292,0,0,0,1232,547,23,0,0,0,2
1607,2032,2096,1534,64,0,2053,2559,1424,29,0,0,1306,1643,78,0,0,0,2
1562,1958,1584,66,0,1007,1909,1189,0,0,0,115,688,0,0,0,0,20,2
1552,1943,1559,97,0,699,1930,1809,64,0,0,0,1065,414,0,0,0,0,2
1568,1982,2000,944,0,0,2000,2068,423,0,0,0,1082,457,0,0,0,0,2
1535,1901,1412,0,0,1359,1786,735,0,0,0,811,97,0,0,0,0,1013,2
1488,1360,7,0,1331,1862,292,0,0,10,1716,1797,0,0,0,3,1445,1617,2
1442,1282,0,0,1067,1844,1120,11,0,0,64,1363,0,0,0,0,0,1175,2
1505,1759,609,0,68,1590,1525,558,0,0,0,703,236,0,0,0,0,220,2
1505,1609,318,0,243,1806,1201,48,0,0,111,1668,0,0,0,0,185,1579,2
1501,1617,443,0,74,1513,1649,715,0,0,0,242,653,11,0,0,0,0,2
1554,1939,1596,273,0,102,1956,1974,320,0,0,0,1211,547,38,0,0,0,2
1583,2007,2055,1374,0,0,2017,2123,464,0,0,0,1086,392,0,0,0,0,2
1535,1925,1535,223,0,357,1947,1939,237,0,0,0,1201,533,29,0,0,0,2
1584,1986,1904,451,0,0,1950,1905,77,0,0,0,889,17,0,0,0,320,2
1514,1675,370,0,115,1739,1296,267,0,0,49,1357,0,0,0,0,144,1457,2
1453,1291,0,0,1187,1846,1098,10,0,0,49,1319,8,0,0,0,0,839,2
1552,1935,1524,50,0,784,1934,1620,2,0,0,0,919,7,0,0,0,0,2
1611,1971,9,0,207,1712,2099,2435,0,0,0,0,1363,1777,0,0,0,0,3
1627,2030,261,0,70,1485,2112,2605,16,0,0,0,1383,1895,21,0,0,0,3
1633,2037,303,0,63,1498,2110,2594,11,0,0,0,1393,1878,12,0,0,0,3
1632,2054,438,0,0,1291,2123,2655,101,0,0,0,1409,2133,266,0,0,0,3
1649,2091,1623,0,0,823,2143,2692,602,0,0,0,1424,2160,401,0,0,0,3
1659,2128,2192,70,0,0,2160,2736,2455,2,0,0,1431,2195,873,0,0,0,3
1643,2064,496,0,0,1346,2099,2624,17,0,0,0,1380,1882,7,0,0,0,3
1614,1901,0,0,967,1819,2009,298,0,0,0,896,1202,0,0,0,0,2,3
848,0,0,1263,2138,1916,0,0,0,0,1415,1825,0,0,0,0,67,1649,3
0,0,136,1923,2192,1938,0,0,0,43,1765,1846,0,0,0,0,83,1657,3
0,0,30,1603,2164,1929,0,0,0,4,1527,1834,0,0,0,0,31,1450,3
32,0,0,1374,2150,1923,0,0,0,0,1375,1822,0,0,0,0,10,1298,3
979,0,0,888,2066,1894,575,0,0,0,182,1616,545,0,0,0,0,53,3
1498,85,0,104,1777,1866,1741,0,0,0,0,1142,1058,0,0,0,0,0,3
1535,497,0,0,1219,1819,2023,457,0,0,0,617,1293,311,0,0,0,0,3
1591,1398,0,0,944,1789,2052,702,0,0,0,207,1328,607,0,0,0,0,3
1620,1936,71,0,134,1557,2097,2449,0,0,0,0,1374,1825,28,0,0,0,3
1637,2015,325,0,83,1488,2096,2380,0,0,0,0,1347,710,0,0,0,0,3
1535,318,0,19,1486,1841,1857,0,0,0,0,1009,1085,0,0,0,0,0,3
1526,286,0,27,1491,1850,1844,0,0,0,0,1023,1058,0,0,0,0,0,3
1422,0,0,465,2002,1889,304,0,0,0,469,1698,13,0,0,0,0,1089,3
0,0,4,1481,2160,1929,0,0,0,27,1647,1840,0,0,0,0,85,1664,3
0,0,595,2090,2222,1953,0,0,13,1813,2559,1894,0,0,0,225,2038,1746,3
0,0,1230,2176,2224,1949,0,0,0,489,2352,1863,0,0,0,0,177,1669,3
15,0,0,1230,2114,1904,38,0,0,0,182,1584,899,0,0,0,0,1,3
1535,336,0,0,1302,1834,2005,454,0,0,0,167,1344,1273,0,0,0,0,3
1636,2019,342,0,39,1296,2111,2629,100,0,0,0,1396,2117,244,0,0,0,3
1641,2043,454,0,3,1366,2111,2527,0,0,0,0,1379,1719,0,0,0,0,3
1597,1386,0,0,1199,1837,2021,15,0,0,0,1087,1088,0,0,0,0,49,3
0,0,0,1680,2183,1935,0,0,0,3,1897,1857,0,0,0,0,62,1692,3
0,0,195,2027,2204,1943,0,0,0,0,1599,1840,0,0,0,0,7,1393,3
1283,0,0,423,2007,1889,1607,0,0,0,0,1289,1073,0,0,0,0,0,3
1588,992,0,0,1058,1826,2065,666,0,0,0,57,1360,1111,0,0,0,0,3
1643,2054,427,0,0,1222,2137,2663,143,0,0,0,1414,2141,317,0,0,0,3
1657,2101,1434,0,0,879,2146,2683,384,0,0,0,1407,2121,110,0,0,0,3
1630,1939,0,0,410,1773,2071,875,0,0,0,367,1319,329,0,0,0,0,3
1553,205,0,27,1857,1881,1710,0,0,0,39,1629,571,0,0,0,0,662,3
0,0,0,1673,2185,1939,0,0,0,43,2138,1869,0,0,0,0,272,1724,3
0,0,1017,2191,2241,1958,0,0,0,161,2292,1871,0,0,0,0,13,1481,3
1367,0,0,368,2074,1903,1680,0,0,0,0,1396,1084,0,0,0,0,0,3
1600,1339,0,0,823,1814,2080,1363,0,0,0,0,1372,1708,0,0,0,0,3
1648,2053,453,0,0,1223,2128,2667,147,0,0,0,1419,2129,209,0,0,0,3
1639,2061,542,0,0,1237,2123,2622,34,0,0,0,1381,1809,0,0,0,0,3
1595,1727,0,0,926,1789,2027,477,0,0,0,704,1280,272,0,0,0,0,3
1582,1555,0,0,632,1747,2080,2025,0,0,0,0,1369,1794,0,0,0,0,3
1638,2043,497,0,0,1199,2115,2637,118,0,0,0,1394,1905,45,0,0,0,3
1611,1830,0,0,694,1763,2032,593,0,0,0,583,1292,285,0,0,0,0,3
1478,0,0,325,1987,1885,540,0,0,0,704,1729,0,0,0,0,11,1298,3
0,0,27,1564,2162,1927,0,0,0,7,1501,1830,0,0,0,0,0,1213,3
1499,0,0,99,1897,1879,1917,0,0,0,0,958,1265,3,0,0,0,0,3
1614,1801,0,0,404,1771,2096,2431,0,0,0,0,1392,1987,48,0,0,0,3
1647,2060,460,0,0,1328,2112,2544,2,0,0,0,1371,1277,0,0,0,0,3
1425,28,0,163,1783,1857,1714,0,0,0,0,827,1281,325,0,0,0,0,3
1635,2058,527,0,0,1158,2139,2668,294,0,0,0,1403,2127,197,0,0,0,3
1626,1959,0,0,470,1773,2061,602,0,0,0,655,1280,170,0,0,0,0,3
1492,0,0,337,2032,1894,353,0,0,0,640,1761,0,0,0,0,0,1290,3
0,0,0,1664,2178,1938,0,0,0,25,2047,1859,0,0,0,0,225,1715,3
0,0,76,1952,2192,1939,0,0,0,0,1526,1840,0,0,0,0,0,1405,3
637,0,0,993,2128,1921,304,0,0,0,144,1718,634,0,0,0,0,6,3
1584,551,0,0,1232,1843,2062,486,0,0,0,193,1344,695,0,0,0,0,3
1635,2016,27,0,62,1690,2111,2525,0,0,0,0,1392,1904,3,0,0,0,3
1634,2031,299,0,25,1488,2103,2512,0,0,0,0,1379,1775,0,0,0,0,3
1613,1974,275,0,90,1392,2101,2455,19,0,0,0,1365,1815,46,0,0,0,3
1598,1846,18,0,384,1670,2064,1424,0,0,0,54,1303,583,0,0,0,0,3
1507,260,0,90,1595,1845,1619,0,0,0,79,1281,925,0,0,0,0,62,3
827,0,0,1135,2068,1891,0,0,0,1,1347,1802,0,0,0,0,91,1520,3
0,0,53,1370,2128,1903,0,0,0,0,1076,1722,0,0,0,0,0,614,3
1485,291,0,48,1291,1819,1936,352,0,0,0,717,1262,347,0,0,0,0,3
1600,1877,156,0,137,1465,2095,2435,15,0,0,0,1371,1863,111,0,0,0,3
1646,2057,673,0,0,1141,2118,2636,240,0,0,0,1392,2059,162,0,0,0,3
1646,2034,419,0,0,1306,2106,2621,23,0,0,0,1385,1862,4,0,0,0,3
1613,1831,0,0,866,1819,2058,509,0,0,0,579,1297,240,0,0,0,0,3
1521,74,0,68,1966,1883,1594,0,0,0,76,1712,302,0,0,0,0,630,3
401,0,0,1335,2159,1934,0,0,0,0,1648,1851,0,0,0,0,140,1712,3
0,0,193,2096,2220,1951,0,0,0,98,2378,1872,0,0,0,0,93,1705,3
165,0,0,1154,2135,1920,84,0,0,0,177,1728,550,0,0,0,0,15,3
1559,333,0,0,1411,1854,2019,64,0,0,0,544,1321,378,0,0,0,0,3
1627,2019,224,0,22,1535,2119,2519,0,0,0,0,1374,1818,5,0,0,0,3
1622,1987,257,0,112,1493,2085,2401,0,0,0,0,1328,1312,0,0,0,0,3
1587,1663,0,0,751,1725,2016,655,0,0,0,443,1281,364,0,0,0,0,3
1472,183,0,163,1776,1856,1277,0,0,0,207,1616,106,0,0,0,0,1091,3
0,0,48,1399,2138,1910,0,0,0,133,1779,1834,0,0,0,0,176,1636,3
496,0,0,1018,2007,1875,194,0,0,0,249,1599,479,0,0,0,0,43,3
1521,352,0,14,1253,1814,1986,464,0,0,0,386,1298,465,0,0,0,0,3
1605,1840,3,0,381,1663,2075,2187,0,0,0,0,1355,1403,0,0,0,0,3
1615,1882,0,0,377,1755,2082,1753,0,0,0,0,1357,1235,0,0,0,0,3
1600,1648,0,0,1072,1825,2038,279,0,0,0,817,1251,0,0,0,0,0,3
1399,0,0,710,2110,1911,94,0,0,0,827,1809,0,0,0,0,2,1633,3
0,0,288,2085,2218,1950,0,0,0,410,2495,1884,0,0,0,0,1121,1730,3
0,0,75,1962,2192,1939,0,0,0,0,1137,1819,0,0,0,0,0,402,3
1518,29,0,5,1715,1867,1991,10,0,0,0,651,1303,306,0,0,0,0,3
1600,1816,0,0,621,1789,2069,759,0,0,0,267,1315,387,0,0,0,0,3
1575,1091,0,0,1166,1789,2002,479,0,0,0,672,1254,342,0,0,0,0,3
1535,544,0,0,1259,1823,1778,0,0,0,32,1197,929,0,0,0,0,361,3
282,0,0,1260,2125,1910,0,0,0,93,1734,1835,0,0,0,0,300,1687,3
0,0,1139,2115,2211,1939,0,0,0,1275,2474,1872,0,0,0,41,1535,1715,3
0,0,481,1943,2175,1926,0,0,0,112,1648,1826,0,0,0,0,66,1469,3
151,0,0,1179,2073,1890,0,0,0,0,391,1644,367,0,0,0,0,26,3
1535,417,0,0,1239,1815,1990,442,0,0,0,476,1301,409,0,0,0,0,3
1616,1925,95,0,172,1637,2082,2253,0,0,0,0,1360,1514,0,0,0,0,3
1609,1855,0,0,688,1811,2062,733,0,0,0,267,1319,396,0,0,0,0,3
1591,1166,0,0,1189,1840,2036,139,0,0,0,828,1248,0,0,0,0,0,3
1431,0,0,607,2099,1906,31,0,0,0,960,1817,0,0,0,0,9,1665,3
0,0,0,1827,2190,1942,0,0,0,0,1260,1827,0,0,0,0,0,1040,3
1483,0,0,95,1979,1891,1791,0,0,0,0,1077,1251,0,0,0,0,0,3
1594,1264,0,0,906,1824,2080,892,0,0,0,0,1350,1513,0,0,0,0,3
1637,2032,207,0,0,1571,2123,2608,0,0,0,0,1377,1996,21,0,0,0,3
1648,2075,501,0,0,1229,2128,2654,76,0,0,0,1394,2103,96,0,0,0,3
1648,2041,233,0,31,1706,2099,2082,0,0,0,98,1318,346,0,0,0,0,3
1433,0,0,286,1986,1881,615,0,0,0,470,1750,0,0,0,0,9,1501,3
0,0,66,1810,2174,1928,0,0,0,0,1425,1819,0,0,0,0,0,944,3
1523,304,0,0,1327,1833,1983,109,0,0,0,726,1269,302,0,0,0,0,3
1606,1795,0,0,394,1712,2071,2023,0,0,0,0,1360,1775,0,0,0,0,3
1622,2005,337,0,43,1296,2102,2583,58,0,0,0,1392,2081,249,0,0,0,3
1623,2036,528,0,0,1198,2106,2517,32,0,0,0,1353,1719,0,0,0,0,3
1530,430,0,39,1359,1834,1663,0,0,0,111,1415,577,0,0,0,0,815,3
0,0,41,1356,2133,1909,0,0,0,226,1979,1840,0,0,0,0,362,1680,3
0,0,210,1786,2159,1917,0,0,0,93,1561,1813,0,0,0,0,48,1370,3
146,0,0,1168,2058,1885,0,0,0,0,297,1606,547,0,0,0,0,30,3
1514,383,0,13,1239,1808,1970,405,0,0,0,590,1280,389,0,0,0,0,3
1605,1934,192,0,103,1519,2096,2430,0,0,0,0,1362,1807,15,0,0,0,3
1634,2027,320,0,0,1397,2113,2608,25,0,0,0,1383,2019,47,0,0,0,3
1631,2031,236,0,47,1687,2092,2402,0,0,0,0,1350,1153,0,0,0,0,3
1562,202,0,0,1914,1887,1730,0,0,0,0,1596,983,0,0,0,0,4,3
1385,0,0,745,2117,1911,0,0,0,0,1137,1827,0,0,0,0,16,1675,3
0,0,11,1853,2185,1945,0,0,0,0,1488,1840,0,0,0,0,0,1199,3
1251,0,0,717,2110,1910,320,0,0,0,154,1706,610,0,0,0,0,7,3
1535,427,0,0,1269,1825,1963,112,0,0,0,784,1257,298,0,0,0,0,3
1561,1070,0,0,1110,1795,2000,492,0,0,0,640,1268,298,0,0,0,0,3
1511,219,0,59,1693,1855,1707,0,0,0,7,1358,990,0,0,0,0,7,3
1408,0,0,347,1987,1887,1018,0,0,0,109,1651,624,0,0,0,0,17,3
1533,224,0,38,1779,1871,1649,0,0,0,70,1665,295,0,0,0,0,1074,3
399,0,0,1106,2119,1909,80,0,0,0,152,1691,581,0,0,0,0,112,3
754,0,0,1195,2135,1918,0,0,0,0,1565,1840,0,0,0,0,89,1693,3
0,0,54,1925,2190,1937,0,0,0,18,2070,1857,0,0,0,0,43,1676,3
341,0,0,1086,2110,1905,203,0,0,0,128,1675,754,0,0,0,0,12,3
1525,197,0,3,1658,1867,1931,0,0,0,0,898,1257,112,0,0,0,0,3
1606,1869,0,0,327,1744,2073,2059,0,0,0,0,1364,1802,16,0,0,0,3
1611,2000,214,0,89,1535,2094,2459,0,0,0,0,1351,1649,0,0,0,0,3
1593,1842,0,0,474,1702,2032,821,0,0,0,314,1270,378,0,0,0,0,3
1357,0,0,448,1983,1882,182,0,0,0,677,1716,0,0,0,0,0,1299,3
0,0,127,1840,2177,1931,0,0,0,322,2256,1851,0,0,0,0,665,1695,3
0,0,778,2027,2194,1936,0,0,0,551,2382,1861,0,0,0,0,773,1701,3
0,0,176,2032,2199,1945,0,0,0,32,2230,1870,0,0,0,0,70,1705,3
416,0,0,1031,2132,1919,447,0,0,0,66,1674,875,0,0,0,0,0,3
1589,1059,0,0,1008,1827,2064,754,0,0,0,41,1345,1057,0,0,0,0,3
1635,2019,199,0,30,1603,2097,2539,0,0,0,0,1373,1766,0,0,0,0,3
1599,1730,0,0,1035,1840,2033,132,0,0,0,877,1246,0,0,0,0,0,3
1450,0,0,597,2117,1918,112,0,0,0,832,1813,0,0,0,0,0,1589,3
0,0,128,2093,2219,1951,0,0,0,84,2355,1872,0,0,0,0,82,1697,3
0,0,0,1693,2182,1938,0,0,0,0,1277,1830,0,0,0,0,0,1355,3
1105,0,0,801,2127,1917,416,0,0,0,198,1749,287,0,0,0,0,86,3
1529,30,0,0,1840,1883,1995,0,0,0,0,813,1290,53,0,0,0,0,3
1598,1462,0,0,889,1833,2072,817,0,0,0,5,1342,1204,0,0,0,0,3
1635,2018,15,0,80,1742,2098,2403,0,0,0,0,1349,848,0,0,0,0,3
1507,225,0,68,1487,1839,1726,0,0,0,0,944,1072,121,0,0,0,0,3
1465,124,0,130,1795,1860,1603,0,0,0,93,1530,576,0,0,0,0,532,3
0,0,0,1421,2151,1921,0,0,0,13,1515,1822,0,0,0,0,48,1445,3
0,0,16,1274,2114,1899,0,0,0,17,1439,1808,0,0,0,0,73,1567,3
0,0,336,2006,2194,1938,0,0,0,1013,2465,1872,0,0,0,47,1590,1723,3
0,0,1138,2122,2211,1942,0,0,0,774,2416,1871,0,0,0,16,1483,1718,3
0,0,1023,2112,2207,1938,0,0,0,495,2384,1866,0,0,0,0,659,1701,3
0,0,99,1689,2155,1919,0,0,0,38,1521,1819,0,0,0,0,39,1391,3
0,0,155,1870,2177,1931,0,0,0,448,2370,1862,0,0,0,9,1419,1712,3
0,0,1157,2155,2218,1941,0,0,0,1107,2457,1872,0,0,0,64,1707,1728,3
0,262,1952,2250,2256,1962,0,0,226,2384,2608,1894,0,0,34,851,2077,1725,3
0,789,2047,2256,2259,1954,0,0,642,2527,2610,1897,0,0,33,965,2081,1725,3
0,816,2067,2258,2265,1957,0,0,549,2497,2603,1886,0,0,16,400,2035,1710,3
0,93,1493,2194,2222,1936,0,0,99,1888,2540,1852,0,0,0,45,1582,1690,3
741,0,0,160,1949,1863,16,0,0,0,1137,1776,623,0,0,0,44,1634,3
0,0,0,882,2064,1883,364,0,0,0,10,1600,959,0,0,0,0,16,3
1563,1065,0,0,437,1792,2037,862,0,0,0,0,1303,412,0,0,0,0,3
1277,0,0,326,1911,1861,154,0,0,0,357,1689,61,0,0,0,0,1128,3
833,0,0,803,2016,1878,0,0,0,0,1483,1808,0,0,0,0,381,1680,3
0,0,738,2032,2189,1923,0,0,0,845,2445,1850,0,0,0,12,1483,1683,3
0,0,141,1776,2154,1910,0,0,0,334,2374,1846,0,0,0,13,1581,1691,3
0,1,1343,2192,2225,1941,0,0,3,1831,2559,1869,0,0,0,198,2023,1686,3
0,144,1949,2242,2250,1948,0,0,310,2559,2602,1872,0,0,1,1264,2047,1677,3
0,910,2144,2273,2258,1947,0,0,1279,2590,2607,1874,0,0,64,1370,2043,1681,3
0,174,1857,2221,2226,1946,0,0,36,1571,2407,1847,0,0,0,65,1223,1666,3
0,0,1145,1999,2150,1904,0,0,0,371,1778,1793,0,0,0,0,156,1290,3
1196,0,0,1121,2015,1872,1355,0,0,0,240,1334,933,0,0,0,0,27,3
1493,653,0,60,1289,1777,1921,619,0,0,0,688,1226,378,0,0,0,0,3
1530,1791,0,0,1187,1733,1995,1479,0,0,0,467,1270,484,0,0,0,0,3
1429,273,0,479,1850,1842,1633,0,0,0,596,1567,176,0,0,0,16,699,3
1386,208,0,317,1668,1830,1725,78,0,0,54,969,1065,253,0,0,0,0,3
1535,1893,16,0,1038,1705,2014,2435,0,0,0,51,1313,1806,0,0,0,0,3
1578,1937,464,0,144,1370,2036,2467,336,0,0,0,1350,1886,286,0,0,0,3
1601,2036,1977,28,0,1123,2091,2640,1379,0,0,0,1370,2122,645,0,0,0,3
1613,2059,2095,96,0,705,2107,2659,2431,16,0,0,1378,2144,1125,0,0,0,3
1600,2019,1424,0,59,1159,2075,2592,551,0,0,0,1349,1875,261,0,0,0,3
1591,1991,665,0,80,1232,2063,2519,447,0,0,0,1348,1872,223,0,0,0,3
1564,1887,159,0,775,1664,2016,2390,0,0,0,271,1296,805,0,0,0,0,3
1530,1614,0,8,1218,1746,1973,734,0,0,0,767,1151,306,0,0,0,0,3
1467,403,0,140,1583,1828,1727,0,0,0,144,1202,1005,0,0,0,0,122,3
1398,0,0,1113,2000,1869,1262,0,0,0,731,1648,16,0,0,0,19,1175,3
336,0,51,1419,2125,1899,0,0,0,80,1579,1776,0,0,0,0,189,1399,3
0,0,256,1823,2158,1908,0,0,0,336,1955,1824,0,0,0,3,493,1666,3
0,0,1169,2046,2183,1917,0,0,0,464,2016,1820,0,0,0,0,267,1399,3
1168,0,0,1183,2000,1861,1019,0,0,0,640,1535,424,0,0,0,2,347,3
1470,387,0,80,1405,1809,1939,545,0,0,0,644,1275,426,0,0,0,0,3
1572,1889,127,0,432,1581,2034,2462,29,0,0,0,1342,1850,38,0,0,0,3
1601,2007,710,0,64,1191,2085,2635,591,0,0,0,1373,2125,467,0,0,0,3
1610,2061,2090,34,0,863,2112,2667,2054,0,0,0,1374,2133,486,0,0,0,3
1615,2032,982,0,38,1194,2089,2623,528,0,0,0,1367,2102,341,0,0,0,3
1626,2064,2086,32,0,677,2110,2672,2427,3,0,0,1392,2146,1296,0,0,0,3
1619,2045,1936,0,0,1150,2095,2635,526,0,0,0,1365,1918,80,0,0,0,3
1588,1968,357,0,170,1526,2047,2460,0,0,0,61,1312,1267,0,0,0,0,3
1535,1535,0,0,1216,1756,2001,671,0,0,0,753,1207,291,0,0,0,0,3
1509,403,0,99,1558,1835,1740,0,0,0,94,1179,1014,0,0,0,0,57,3
1394,0,0,1088,2021,1873,842,0,0,0,898,1685,0,0,0,0,29,1264,3
0,0,59,1535,2139,1906,0,0,0,19,1516,1796,0,0,0,0,46,1337,3
471,0,0,1242,2106,1889,687,0,0,0,326,1553,810,0,0,0,0,9,3
1535,731,0,0,1255,1814,2025,725,0,0,0,291,1305,771,0,0,0,0,3
1609,2009,355,0,79,1341,2091,2624,240,0,0,0,1383,2117,272,0,0,0,3
1638,2057,1987,0,0,976,2112,2667,702,0,0,0,1387,2114,195,0,0,0,3
1587,1918,0,0,911,1755,2033,803,0,0,0,720,1258,144,0,0,0,0,3
1488,202,0,186,1772,1841,1683,0,0,0,237,1445,432,0,0,0,0,827,3
0,0,72,1467,2128,1902,0,0,0,146,1641,1797,0,0,0,0,205,1414,3
0,0,64,1445,2126,1901,0,0,0,8,1198,1699,0,0,0,0,0,650,3
1377,0,0,642,1963,1865,1663,0,0,0,64,1205,1042,0,0,0,0,0,3
1568,1825,0,0,733,1712,2067,2428,0,0,0,0,1360,1887,46,0,0,0,3
1616,2026,338,0,94,1594,2081,2482,0,0,0,0,1325,1104,0,0,0,0,3
1553,395,0,34,1595,1853,1958,0,0,0,0,1163,1053,0,0,0,0,16,3
1355,0,0,1075,2090,1894,310,0,0,0,941,1738,0,0,0,0,25,1346,3
0,0,50,1615,2151,1905,0,0,0,0,1190,1758,0,0,0,0,0,874,3
1471,0,0,218,1931,1863,1857,0,0,0,0,1133,1137,0,0,0,0,0,3
1580,1797,0,0,961,1751,2039,2149,0,0,0,48,1322,1567,0,0,0,0,3
1605,2000,461,0,73,1219,2093,2639,539,0,0,0,1383,2143,609,0,0,0,3
1622,2062,1989,9,0,1100,2100,2652,501,0,0,0,1360,1857,41,0,0,0,3
1553,1777,0,0,1189,1745,2000,498,0,0,16,962,1023,0,0,0,0,125,3
752,0,42,1290,2085,1891,0,0,0,267,1792,1811,0,0,0,9,398,1654,3
0,0,208,1616,2132,1894,0,0,0,113,1475,1722,0,0,0,0,42,1195,3
1471,353,0,83,1335,1783,1958,454,0,0,0,779,1230,298,0,0,0,0,3
1535,1038,0,3,1222,1755,2003,572,0,0,0,654,1294,398,0,0,0,0,3
1598,1987,295,0,138,1553,2083,2492,3,0,0,0,1337,1707,0,0,0,0,3
1554,803,0,0,1354,1831,1980,0,0,0,0,1069,1091,0,0,0,0,0,3
1530,210,0,64,1837,1865,1955,0,0,0,0,772,1296,310,0,0,0,0,3
1590,1887,0,0,688,1771,2034,1601,0,0,0,496,1296,242,0,0,0,0,3
1409,0,0,390,1966,1863,1677,0,0,0,160,1413,895,0,0,0,0,62,3
1426,0,0,382,1962,1871,1666,0,0,0,244,1515,672,0,0,0,0,163,3
1399,0,0,586,1998,1873,1613,0,0,0,272,1526,671,0,0,0,0,309,3
1195,0,0,1264,2127,1904,0,0,0,0,1370,1803,0,0,0,0,36,1424,3
0,0,75,1951,2187,1927,0,0,0,117,2089,1843,0,0,0,0,225,1670,3
0,0,220,2038,2192,1930,0,0,0,49,1729,1815,0,0,0,0,30,1278,3
1381,0,0,240,1799,1845,1909,85,0,0,0,657,1289,423,0,0,0,0,3
1600,1969,294,0,141,1418,2069,2516,32,0,0,0,1335,1808,2,0,0,0,3
1524,432,0,112,1484,1831,1690,0,0,0,432,1520,23,0,0,0,48,1232,3
0,0,141,1499,2123,1888,0,0,0,302,1712,1791,0,0,0,0,251,1328,3
980,0,0,1155,1982,1850,1088,0,0,0,400,1343,810,0,0,0,0,71,3
1552,1745,4,0,818,1618,2037,2454,30,0,0,0,1344,1879,128,0,0,0,3
1616,2038,1820,5,0,1074,2096,2657,1968,0,0,0,1383,2146,895,0,0,0,3
1597,1995,496,0,160,1434,2032,2370,0,0,0,528,1205,275,0,0,0,13,3
1166,0,0,1233,2071,1883,271,0,0,0,855,1657,89,0,0,0,0,235,3
1506,406,0,75,1359,1808,1984,467,0,0,0,615,1285,421,0,0,0,0,3
1602,1997,404,0,85,1366,2077,2559,53,0,0,0,1344,1808,0,0,0,0,3
1535,572,0,64,1503,1838,1780,0,0,0,123,1299,866,0,0,0,0,388,3
176,0,47,1488,2142,1904,0,0,0,161,1842,1818,0,0,0,0,243,1646,3
0,0,82,1703,2155,1910,0,0,0,0,1296,1774,0,0,0,0,0,846,3
1508,162,0,77,1725,1851,1968,0,0,0,0,849,1264,239,0,0,0,0,3
1600,1968,256,0,119,1473,2069,2539,60,0,0,0,1358,1862,45,0,0,0,3
1535,1703,0,27,1241,1769,1791,98,0,0,174,1253,691,0,0,0,29,1161,3
0,0,247,1650,2135,1890,0,0,0,279,1671,1767,0,0,0,0,160,1286,3
947,0,18,1207,2000,1865,639,0,0,0,663,1520,478,0,0,0,0,135,3
1498,573,0,67,1247,1742,1973,698,0,0,0,448,1290,789,0,0,0,0,3
1571,1892,322,0,321,1456,2028,2452,21,0,0,0,1317,1806,17,0,0,0,3
1577,1924,319,0,238,1495,2045,2462,5,0,0,0,1328,1746,0,0,0,0,3
1568,1885,0,0,666,1747,2059,2439,0,0,0,0,1345,1834,0,0,0,0,3
1618,2044,1147,0,0,1146,2108,2655,747,0,0,0,1385,2143,503,0,0,0,3
1633,2064,1369,0,0,1200,2095,2624,79,0,0,0,1360,1841,0,0,0,0,3
1569,1460,0,0,1315,1840,1986,128,0,0,0,1004,1168,0,0,0,0,0,3
1358,0,0,1245,2128,1904,45,0,0,0,1289,1808,0,0,0,0,35,1490,3
0,0,158,2007,2187,1927,0,0,0,89,1955,1835,0,0,0,0,61,1499,3
1395,0,0,427,2007,1874,1776,0,0,0,0,1122,1146,0,0,0,0,0,3
1584,1881,0,0,423,1679,2059,2464,14,0,0,0,1363,1979,186,0,0,0,3
1611,2023,630,0,80,1343,2054,2466,0,0,0,179,1299,451,0,0,0,0,3
1391,0,0,970,2001,1871,226,0,0,42,1392,1718,0,0,0,0,240,1392,3
0,0,174,1589,2130,1898,0,0,0,144,1527,1728,0,0,0,0,82,1266,3
1211,0,0,1126,1987,1857,1601,0,0,0,193,1211,1023,0,0,0,0,11,3
1534,1533,0,0,1178,1737,2005,1616,0,0,0,426,1280,437,0,0,0,0,3
1445,280,0,336,1859,1847,1535,0,0,0,940,1671,0,0,0,0,176,1347,3
0,16,1265,2107,2197,1923,0,0,37,1493,2403,1843,0,0,0,62,1147,1665,3
0,0,204,1647,2133,1895,0,0,0,154,1535,1731,0,0,0,0,71,1257,3
1393,0,0,493,1843,1846,1713,0,0,0,110,1116,1059,0,0,0,0,0,3
1535,1667,0,0,1168,1731,2004,2012,0,0,0,256,1293,1070,0,0,0,0,3
1535,1899,16,0,865,1702,2021,2381,0,0,0,108,1309,1555,0,0,0,0,3
1575,1902,19,0,457,1686,2046,2461,0,0,0,0,1335,1840,7,0,0,0,3
1603,1993,330,0,117,1593,2073,2496,13,0,0,0,1353,1854,0,0,0,0,3
1589,1889,0,0,1203,1829,2000,492,0,0,0,943,1185,0,0,0,0,1,3
1392,0,0,1094,2119,1904,349,0,0,0,1259,1803,0,0,0,0,50,1533,3
38,0,0,1440,2144,1907,256,0,0,0,570,1677,650,0,0,0,0,22,3
1520,407,0,0,1453,1841,1993,498,0,0,0,529,1291,571,0,0,0,0,3
1535,1232,0,5,1345,1825,1730,0,0,0,247,1395,204,0,0,0,49,1249,3
0,0,210,1687,2144,1904,0,0,0,535,2096,1824,0,0,0,16,451,1655,3
109,0,30,1264,2046,1876,528,0,0,0,646,1535,432,0,0,0,0,227,3
1443,350,0,122,1415,1819,1791,395,0,0,0,805,1197,341,0,0,0,0,3
1535,1856,5,0,1106,1729,2007,1766,0,0,0,304,1291,1033,0,0,0,0,3
1578,1895,185,0,364,1600,2027,2461,0,0,0,9,1321,1802,0,0,0,0,3
1594,1938,26,0,234,1731,2068,2458,0,0,0,0,1337,1678,0,0,0,0,3
1535,1426,0,0,1413,1849,1979,10,0,0,0,1200,1062,0,0,0,0,64,3
13,0,64,1936,2187,1925,0,0,0,103,1952,1835,0,0,0,0,42,1393,3
1403,0,0,445,2032,1879,1729,0,0,0,7,1191,1088,0,0,0,0,0,3
1586,1899,4,0,412,1703,2038,2448,0,0,0,113,1305,1087,0,0,0,0,3
1501,456,0,94,1358,1803,1755,119,0,0,102,1055,1012,0,0,0,0,131,3
50,0,112,1471,2128,1892,0,0,0,438,1985,1817,0,0,0,22,471,1653,3
0,0,109,1377,2093,1878,0,0,0,48,1241,1678,0,0,0,0,16,837,3
1430,242,0,163,1487,1818,1803,336,0,0,0,832,1174,315,0,0,0,0,3
1535,1778,0,0,1159,1728,2009,1425,0,0,0,455,1287,457,0,0,0,0,3
1531,1118,0,0,1298,1819,1968,368,0,0,0,993,1082,0,0,0,0,20,3
1195,0,0,1418,2153,1915,0,0,0,75,1841,1827,0,0,0,0,127,1571,3
298,0,0,1334,2129,1903,857,0,0,0,283,1535,971,0,0,0,0,3,3
1535,1032,0,0,1263,1824,2017,1876,0,0,0,155,1323,1170,0,0,0,0,3
1506,437,0,95,1437,1819,1735,16,0,0,91,1002,1039,0,0,0,0,15,3
1387,151,0,657,1881,1839,1230,0,0,17,1099,1670,0,0,0,0,275,1434,3
0,0,1166,2032,2171,1906,0,0,0,905,2329,1834,0,0,0,53,1115,1664,3
0,0,343,1748,2144,1897,0,0,0,145,1494,1709,0,0,0,0,58,1232,3
1392,0,0,458,1797,1839,1719,0,0,0,85,1016,1063,107,0,0,0,0,3
1535,1762,4,0,1183,1733,2003,1349,0,0,0,479,1271,479,0,0,0,0,3
1535,1790,3,0,1170,1729,2019,2010,0,0,0,147,1303,1658,0,0,0,0,3
1573,1898,169,0,420,1637,2032,2462,0,0,0,99,1307,1457,0,0,0,0,3
1555,1685,0,0,1230,1799,1998,1056,0,0,0,545,1291,418,0,0,0,0,3
1567,1878,0,0,994,1728,2017,2035,0,0,0,285,1302,805,0,0,0,0,3
1532,1195,0,1,1298,1804,1840,287,0,0,53,1051,1065,0,0,0,0,6,3
1492,470,0,58,1298,1791,1971,636,0,0,0,605,1264,390,0,0,0,0,3
1535,1009,0,16,1296,1794,1907,361,0,0,6,926,1085,119,0,0,0,0,3
1561,1694,0,0,1134,1728,2024,1597,0,0,0,350,1300,511,0,0,0,0,3
1535,875,0,22,1290,1783,1918,433,0,0,18,956,1072,0,0,0,0,18,3
1393,0,0,880,1982,1861,1386,0,0,0,569,1577,331,0,0,0,0,295,3
1520,543,0,16,1317,1808,1974,481,0,0,0,818,1211,258,0,0,0,0,3
1554,1336,0,0,1227,1776,2007,1274,0,0,0,363,1298,694,0,0,0,0,3
1569,1882,0,0,786,1712,2033,2423,0,0,0,37,1325,1727,0,0,0,0,3
1559,1824,0,0,1231,1794,1975,338,0,0,43,1158,994,0,0,0,0,587,3
769,0,0,1343,2127,1903,0,0,0,96,1759,1826,0,0,0,0,243,1622,3
0,0,570,2022,2192,1923,0,0,18,1629,2448,1853,0,0,16,293,1770,1680,3
0,170,1630,2199,2221,1931,0,0,176,1917,2533,1855,0,0,19,299,1728,1678,3
0,86,1370,2157,2202,1923,0,0,108,1782,2447,1849,0,0,16,281,1694,1671,3
0,351,1825,2215,2224,1930,0,0,308,2057,2552,1861,0,0,42,347,1842,1671,3
0,111,1381,2160,2205,1924,0,0,70,1691,2423,1845,0,0,0,107,1535,1673,3
0,0,1119,2022,2170,1909,0,0,0,636,2133,1818,0,0,0,13,403,1632,3
0,0,194,1584,2130,1886,0,0,0,186,1558,1725,0,0,0,0,145,1298,3
48,0,77,1351,2095,1881,0,0,0,80,1389,1686,0,0,0,0,30,1040,3
1353,0,0,1116,1993,1858,1057,0,0,0,714,1599,118,0,0,0,14,735,3
1399,65,0,424,1811,1840,1712,0,0,0,205,1237,993,0,0,0,0,96,3
1431,255,0,241,1645,1831,1727,0,0,0,110,1095,1056,0,0,0,0,18,3
1455,346,0,177,1535,1822,1733,19,0,0,91,1050,1067,64,0,0,0,0,3
1529,1142,0,0,1247,1763,1990,784,0,0,0,576,1274,467,0,0,0,0,3
1579,1899,112,0,396,1616,2039,2463,5,0,0,0,1329,1847,15,0,0,0,3
1612,1993,383,0,110,1552,2081,2506,25,0,0,0,1362,1868,0,0,0,0,3
1609,1987,116,0,158,1718,2074,2487,0,0,0,0,1359,1841,0,0,0,0,3
1599,1969,13,0,299,1773,2127,2455,0,0,0,64,1326,1300,0,0,0,0,3
1560,1150,0,0,1586,1857,1968,0,0,0,0,1291,1053,0,0,0,0,22,3
1403,0,0,1190,2128,1904,775,0,0,0,943,1773,0,0,0,0,0,1299,3
0,0,111,2030,2193,1928,0,0,0,64,1966,1830,0,0,0,0,41,1485,3
1369,0,0,784,2083,1891,1750,0,0,0,0,989,1264,83,0,0,0,0,3
1590,1934,2,0,355,1770,2078,2461,0,0,0,0,1344,1858,0,0,0,0,3
1630,2028,459,0,12,1614,2086,2559,29,0,0,0,1361,1929,23,0,0,0,3
1599,2009,355,0,87,1571,2082,2531,36,0,0,0,1373,1879,26,0,0,0,3
1585,1978,379,0,170,1565,2044,2477,0,0,0,162,1287,624,0,0,0,0,3
1390,7,0,752,1962,1856,1383,0,0,0,688,1600,144,0,0,0,9,734,3
1407,171,0,241,1629,1826,1744,208,0,0,30,929,1087,254,0,0,0,0,3
1535,1325,0,16,1283,1783,1809,320,0,0,81,1095,1051,0,0,0,0,65,3
1413,229,0,256,1663,1829,1731,166,0,0,16,879,1185,343,0,0,0,0,3
1563,1856,5,0,976,1713,2027,2079,0,0,0,227,1297,1159,0,0,0,0,3
1520,449,0,133,1775,1851,1722,0,0,0,386,1554,417,0,0,0,0,469,3
1411,121,0,240,1715,1838,1737,128,0,0,15,939,1104,247,0,0,0,0,3
1576,1898,208,0,237,1526,2054,2451,63,0,0,0,1335,1847,0,0,0,0,3
1517,592,0,81,1443,1823,1733,81,0,0,66,1085,1066,0,0,0,0,5,3
1530,1365,0,0,1218,1757,2013,1462,0,0,0,323,1296,1205,0,0,0,0,3
1600,1978,364,0,122,1559,2077,2475,36,0,0,0,1354,1872,23,0,0,0,3
1566,1709,0,0,1312,1821,1926,362,0,0,0,942,1154,179,0,0,0,0,3
1585,1941,307,0,144,1535,2070,2471,44,0,0,0,1356,1850,0,0,0,0,3
1571,1887,3,0,1072,1778,2021,1739,0,0,0,416,1295,549,0,0,0,0,3
1565,1841,0,0,1195,1796,2017,1601,0,0,0,384,1296,615,0,0,0,0,3
1573,1874,0,0,1034,1770,2031,2402,0,0,0,54,1329,1763,0,0,0,0,3
1617,2011,523,0,35,1386,2089,2602,317,0,0,0,1387,2112,317,0,0,0,3
1630,2063,2001,7,0,1165,2110,2644,640,0,0,0,1379,2038,62,0,0,0,3
1609,2011,447,0,27,1424,2099,2619,374,0,0,0,1387,2128,673,0,0,0,3
1649,2097,2133,121,0,170,2128,2674,2433,0,0,0,1392,2135,561,0,0,0,3
1616,2000,422,0,81,1530,2085,2521,44,0,0,0,1356,1850,0,0,0,0,3
1567,1755,0,0,1339,1840,2000,645,0,0,0,623,1273,305,0,0,0,0,3
1558,1869,0,0,1170,1819,2032,2256,0,0,0,81,1328,1761,0,0,0,0,3
