1504,1456,231,0,1621,1904,1262,0,0,0,313,1826,0,0,0,0,180,1610,2
1506,1501,246,0,1390,1904,1328,108,0,0,107,1817,0,0,0,0,131,1535,2
1498,1486,244,0,1406,1902,1328,106,0,0,113,1822,0,0,0,0,134,1507,2
1506,1616,286,0,992,1889,1619,393,0,0,0,1702,0,0,0,0,0,1255,2
1535,1872,842,0,97,1859,1887,615,0,0,0,1399,66,0,0,0,0,764,2
1557,1910,1257,0,47,1786,1911,1072,0,0,0,1287,281,0,0,0,0,948,2
1521,1649,303,0,979,1884,1255,4,0,0,265,1824,0,0,0,0,241,1682,2
1434,1094,0,47,2094,1923,715,0,0,0,1782,1855,0,0,0,0,688,1693,2
1466,1294,25,0,1803,1906,1088,0,0,0,763,1837,0,0,0,0,237,1676,2
1494,1398,219,0,1407,1898,1273,193,0,0,83,1792,0,0,0,0,45,1356,2
1507,1616,303,0,809,1884,1507,393,0,0,53,1729,0,0,0,0,27,1311,2
1483,1385,240,0,1706,1890,1211,0,0,0,1262,1831,0,0,0,0,576,1680,2
1291,443,0,849,2181,1936,12,0,0,240,2337,1871,0,0,0,16,1524,1696,2
1520,1584,311,0,781,1842,1603,442,0,0,0,1344,49,0,0,0,0,759,2
1585,1969,1584,23,0,682,1984,1774,3,0,0,0,1071,19,0,0,0,0,2
1566,1927,1230,0,2,1579,1689,450,0,0,0,1233,35,0,0,0,0,1183,2
1513,1481,86,0,1257,1886,752,0,0,0,766,1817,0,0,0,0,709,1680,2
1457,976,0,41,1943,1921,48,0,0,0,1856,1854,0,0,0,0,1415,1702,2
1492,1329,0,0,1329,1883,1070,0,0,0,150,1640,0,0,0,0,36,1291,2
1535,1814,475,0,113,1710,1589,452,0,0,0,1226,48,0,0,0,0,797,2
1553,1888,620,0,122,1753,1467,270,0,0,0,1337,0,0,0,0,0,1239,2
1535,1835,688,0,116,1690,1857,688,0,0,0,842,237,0,0,0,0,80,2
1590,1987,1654,161,0,763,1997,1809,0,0,0,0,1040,0,0,0,0,0,2
1573,1947,1487,0,0,1440,1886,721,0,0,0,1123,48,0,0,0,0,1219,2
1488,1338,0,0,1628,1894,386,0,0,0,1621,1827,0,0,0,0,1523,1709,2
979,178,0,1002,2191,1941,0,0,0,432,2243,1872,0,0,0,128,1610,1715,2
1003,181,0,911,2191,1939,0,0,0,423,2218,1871,0,0,0,62,1579,1712,2
1396,880,0,134,1898,1913,112,0,0,0,1776,1838,0,0,0,0,855,1674,2
1497,1414,202,0,1082,1872,1150,0,0,0,151,1591,0,0,0,0,30,1277,2
1523,1603,257,0,743,1871,1141,0,0,0,204,1785,0,0,0,0,257,1664,2
1523,1535,223,0,650,1862,1350,113,0,0,0,1328,4,0,0,0,0,1008,2
1575,1942,1456,0,0,1437,1936,1219,0,0,0,16,1035,0,0,0,0,0,2
1600,2022,1950,411,0,0,2033,2061,149,0,0,0,1126,67,0,0,0,0,2
1584,1971,1566,0,0,1422,1920,798,0,0,0,1175,48,0,0,0,0,1167,2
1535,1797,371,0,227,1841,1392,155,0,0,5,1347,0,0,0,0,0,1095,2
1581,1948,1469,0,0,1456,1937,1106,0,0,0,194,882,0,0,0,0,0,2
1602,2006,1872,301,0,34,2036,2078,207,0,0,0,1295,384,0,0,0,0,2
1619,2066,2129,1503,0,0,2080,2559,907,0,0,0,1325,683,0,0,0,0,2
1616,2032,2032,669,0,0,2032,2060,112,0,0,0,1077,9,0,0,0,0,2
1583,1936,1325,0,73,1697,1735,451,0,0,0,1287,28,0,0,0,0,947,2
1585,1970,1594,66,0,1099,2000,1857,0,0,0,0,1120,45,0,0,0,0,2
1617,2058,2112,1455,0,0,2086,2591,1178,0,0,0,1343,1590,30,0,0,0,2
1631,2054,2087,902,0,43,2042,2069,64,0,0,0,1053,0,0,0,0,0,2
1623,2047,2095,1234,0,0,2082,2559,931,0,0,0,1345,1595,36,0,0,0,2
1648,2096,2189,1983,405,0,2103,2668,1939,182,0,0,1383,1984,167,0,0,0,2
1647,2112,2218,2178,1119,0,2125,2681,2025,282,0,0,1375,1883,87,0,0,0,2
1626,2064,2128,1450,0,0,2077,2442,439,0,0,0,1296,336,0,0,0,0,2
1615,2026,1957,587,0,0,2053,2192,277,0,0,0,1309,447,0,0,0,0,2
1648,2093,2181,1888,272,0,2100,2655,1870,58,0,0,1379,1904,95,0,0,0,2
1648,2114,2224,2213,1381,0,2128,2704,2511,720,0,0,1403,2141,484,0,0,0,2
1648,2115,2223,2173,704,0,2123,2671,1903,22,0,0,1367,1771,16,0,0,0,2
1642,2075,2135,1518,0,0,2096,2598,949,0,0,0,1356,1698,14,0,0,0,2
1662,2118,2227,2219,1232,0,2127,2700,2557,829,0,0,1399,2126,263,0,0,0,2
1645,2096,2176,1744,61,0,2099,2629,1423,0,0,0,1332,673,0,0,0,0,2
1637,2096,2186,1947,240,0,2127,2688,2503,368,0,0,1381,2117,383,0,0,0,2
1651,2119,2223,2179,497,0,2125,2675,2116,39,0,0,1366,1808,0,0,0,0,2
1648,2096,2183,1986,264,0,2121,2679,2517,408,0,0,1390,2128,437,0,0,0,2
1663,2128,2243,2253,1648,0,2144,2723,2623,1968,33,0,1415,2170,1535,30,0,0,2
1654,2123,2237,2240,1424,0,2135,2704,2559,760,0,0,1384,2111,287,0,0,0,2
1637,2094,2167,1681,43,0,2106,2630,1677,0,0,0,1344,1371,0,0,0,0,2
1650,2099,2192,2073,283,0,2122,2681,2506,347,0,0,1377,2112,318,0,0,0,2
1663,2128,2245,2256,1659,0,2140,2720,2619,1965,19,0,1407,2161,1507,17,0,0,2
1658,2125,2247,2257,1610,0,2134,2731,2594,1121,0,0,1393,2116,284,0,0,0,2
1639,2093,2167,1680,24,0,2109,2643,1727,0,0,0,1339,1058,0,0,0,0,2
1616,2039,2033,269,0,567,2059,2375,49,0,0,0,1178,0,0,0,0,0,2
1606,2003,1750,143,0,931,2039,2486,227,0,0,0,1314,526,0,0,0,0,2
1645,2093,2187,2041,309,0,2117,2681,2512,427,0,0,1394,2127,426,0,0,0,2
1648,2105,2215,2167,834,0,2116,2669,2063,247,0,0,1360,1728,10,0,0,0,2
1603,2021,1979,415,0,80,2025,2015,143,0,0,0,990,0,0,0,0,198,2
1509,1520,273,0,944,1890,1321,199,0,0,74,1769,0,0,0,0,0,1229,2
1532,1891,1162,0,0,1506,1936,1602,0,0,0,96,995,0,0,0,0,0,2
1566,1935,1445,0,0,1723,1946,1008,0,0,0,1327,37,0,0,0,0,1222,2
1535,1919,1089,0,0,1773,1982,1787,0,0,0,44,1070,0,0,0,0,0,2
1615,2037,2069,845,0,0,2075,2559,929,0,0,0,1323,786,0,0,0,0,2
1598,1979,1583,5,0,1666,1972,1257,0,0,0,1382,18,0,0,0,0,1307,2
1501,1371,0,0,1853,1923,1114,0,0,0,816,1846,0,0,0,0,187,1603,2
1535,1900,893,0,0,1809,1965,1495,0,0,0,352,1011,0,0,0,0,0,2
1616,2042,2098,1329,0,0,2083,2607,1617,0,0,0,1339,1607,0,0,0,0,2
1600,1987,1797,278,0,874,2000,1958,22,0,0,115,979,0,0,0,0,106,2
1535,1870,731,0,93,1859,1849,470,0,0,0,1655,0,0,0,0,95,1379,2
1483,1389,209,0,1246,1898,1383,241,0,0,25,1744,0,0,0,0,0,1250,2
1535,1917,1392,0,0,1494,1981,1903,0,0,0,35,1040,5,0,0,0,0,2
1601,2002,1973,474,0,0,2042,2503,448,0,0,0,1291,509,0,0,0,0,2
1611,2028,2074,1301,2,0,2062,2559,1474,8,0,0,1328,1431,16,0,0,0,2
1616,2043,2115,1535,154,0,2081,2617,1812,58,0,0,1346,1811,54,0,0,0,2
1623,2064,2150,1633,295,0,2096,2630,1869,191,0,0,1351,1843,90,0,0,0,2
1629,2070,2146,1683,322,0,2094,2640,1923,315,0,0,1349,1873,129,0,0,0,2
1606,2022,2047,982,0,0,2032,2393,411,0,0,0,1168,322,0,0,0,0,2
1570,1967,1616,272,0,1146,1986,1957,80,0,0,145,979,0,0,0,0,342,2
1519,1810,615,0,143,1862,1846,528,0,0,0,1433,37,0,0,0,0,1219,2
1511,1703,334,0,858,1883,1374,290,0,0,141,1807,0,0,0,0,213,1583,2
1484,1328,153,0,1750,1905,1173,0,0,0,1280,1841,0,0,0,0,465,1687,2
1415,991,0,117,2123,1926,272,0,0,16,1984,1861,0,0,0,17,1535,1712,2
1156,247,0,816,2207,1933,29,0,0,214,2449,1878,0,0,0,97,1635,1725,2
966,211,0,1372,2215,1942,0,0,0,435,2587,1888,0,0,0,304,1978,1735,2
880,160,1,1682,2224,1947,0,0,0,567,2590,1889,0,0,0,310,2023,1737,2
912,177,0,1519,2224,1949,0,0,0,413,2583,1888,0,0,0,305,2038,1739,2
833,0,17,1927,2245,1958,0,0,0,1487,2601,1901,0,0,0,368,2066,1744,2
837,12,16,1871,2242,1955,0,0,0,836,2594,1897,0,0,0,282,2012,1741,2
1225,238,0,574,2207,1945,38,0,0,0,2165,1872,0,0,0,0,816,1699,2
1490,1282,0,0,1966,1923,1042,0,0,0,1011,1844,0,0,0,0,215,1679,2
1522,1604,201,0,1206,1894,1609,143,0,0,5,1795,0,0,0,0,0,1328,2
1557,1904,624,0,87,1870,1931,607,0,0,0,1518,128,0,0,0,0,782,2
1573,1948,1334,0,0,1807,1943,1123,0,0,0,1280,321,0,0,0,0,1084,2
1514,1511,297,0,1041,1886,1274,218,0,0,266,1828,0,0,0,0,528,1682,2
1301,523,0,275,2181,1933,80,0,0,17,1950,1859,0,0,0,0,1017,1693,2
1460,1280,50,0,1847,1911,1137,0,0,0,1267,1843,0,0,0,0,341,1689,2
1486,1381,240,0,1364,1893,1415,351,0,0,34,1726,0,0,0,0,0,1264,2
1531,1842,681,0,125,1856,1879,624,0,0,0,1327,258,0,0,0,0,496,2
1573,1949,1520,144,0,1430,1997,1968,78,0,0,0,1102,133,0,0,0,0,2
1600,2001,1983,550,0,0,2047,2533,550,0,0,0,1300,634,0,0,0,0,2
1611,2039,2102,1466,35,0,2087,2613,1775,18,0,0,1343,1779,37,0,0,0,2
1629,2075,2151,1680,263,0,2096,2645,1996,213,0,0,1360,1954,178,0,0,0,2
1648,2108,2203,2159,771,0,2123,2687,2530,757,0,0,1392,2128,496,0,0,0,2
1655,2112,2219,2206,1319,0,2124,2698,2559,1069,0,0,1392,2125,426,0,0,0,2
1643,2096,2189,2032,309,0,2112,2672,2307,241,0,0,1375,2082,238,0,0,0,2
1648,2112,2218,2187,784,0,2128,2683,2475,389,0,0,1371,1949,74,0,0,0,2
1623,2034,2091,1089,0,0,2061,2547,523,0,0,0,1309,803,0,0,0,0,2
1648,2090,2167,1837,256,0,2102,2645,1885,36,0,0,1346,1648,0,0,0,0,2
1613,2029,2047,411,0,464,2037,2395,181,0,0,0,1171,0,0,0,0,0,2
1594,1991,1635,66,0,1564,2010,1947,0,0,0,601,926,0,0,0,0,201,2
1570,1911,667,0,166,1872,1905,417,0,0,0,1741,0,0,0,0,0,1342,2
1535,1648,144,0,1709,1912,1281,0,0,0,891,1844,0,0,0,0,275,1680,2
1488,1147,0,6,2161,1936,395,0,0,0,2277,1872,0,0,0,0,1535,1715,2
1383,180,0,1152,2228,1953,0,0,0,447,2583,1899,0,0,0,262,2036,1738,2
1450,781,0,2,2147,1927,1005,0,0,0,557,1831,0,0,0,0,0,1365,2
1588,1970,1531,0,0,1648,2009,1978,0,0,0,0,1155,2,0,0,0,0,2
1623,2059,2114,1339,0,0,2084,2614,1529,0,0,0,1333,1499,0,0,0,0,2
1634,2083,2167,1801,181,0,2106,2654,2000,52,0,0,1361,1901,47,0,0,0,2
1637,2097,2194,2087,323,0,2113,2668,2170,158,0,0,1365,1894,66,0,0,0,2
1634,2081,2159,1647,141,0,2095,2624,1728,0,0,0,1318,979,0,0,0,0,2
1601,1995,1851,292,0,1095,2000,1970,48,0,0,288,960,0,0,0,0,368,2
1531,1822,511,0,191,1869,1877,606,0,0,0,1291,429,0,0,0,0,47,2
1587,1989,1879,367,0,36,2044,2533,720,0,0,0,1310,1487,17,0,0,0,2
1622,2069,2134,1569,157,0,2082,2608,1711,6,0,0,1313,1225,0,0,0,0,2
1617,2037,2080,1170,0,0,2057,2535,471,0,0,0,1264,298,0,0,0,0,2
1595,1975,1630,162,0,1423,2000,1943,0,0,0,349,940,0,0,0,0,145,2
1555,1897,794,0,105,1870,1874,454,0,0,0,1744,0,0,0,0,9,1392,2
1498,1421,129,0,1746,1910,1200,0,0,0,1295,1850,0,0,0,0,640,1700,2
1460,1008,0,48,2153,1931,465,0,0,0,1919,1882,0,0,0,0,609,1695,2
1530,1664,214,0,1174,1894,1709,170,0,0,4,1776,0,0,0,0,0,1194,2
1581,1950,1383,0,0,1791,1977,1630,0,0,0,656,975,0,0,0,0,0,2
1602,2018,2034,496,0,89,2047,2533,411,0,0,0,1289,454,0,0,0,0,2
1619,2064,2128,1489,0,0,2089,2615,1745,0,0,0,1328,1662,0,0,0,0,2
1632,2070,2151,1659,158,0,2095,2635,1843,23,0,0,1339,1799,16,0,0,0,2
1630,2067,2129,1488,0,0,2074,2587,886,0,0,0,1294,401,0,0,0,0,2
1595,2007,1848,186,0,1374,2012,1983,0,0,0,462,912,0,0,0,0,103,2
1578,1954,1215,0,0,1855,1935,574,0,0,0,1701,0,0,0,0,0,1323,2
1535,1783,209,0,1415,1900,1405,0,0,0,311,1836,0,0,0,0,245,1686,2
1473,703,0,97,2193,1941,81,0,0,0,2221,1867,0,0,0,0,298,1685,2
1563,1904,510,0,83,1866,1926,633,0,0,0,1429,125,0,0,0,0,259,2
1594,1993,1712,112,0,1294,2026,2167,15,0,0,0,1233,16,0,0,0,0,2
1616,2037,2077,609,0,0,2067,2550,429,0,0,0,1296,450,0,0,0,0,2
1633,2071,2134,1567,1,0,2091,2625,1776,0,0,0,1332,1676,0,0,0,0,2
1638,2079,2148,1616,17,0,2082,2611,1422,0,0,0,1317,625,0,0,0,0,2
1600,2000,1811,206,0,1286,2023,2131,69,0,0,0,1264,251,0,0,0,0,2
1619,2064,2141,1590,116,0,2094,2633,1828,17,0,0,1331,1718,1,0,0,0,2
1616,2054,2096,1170,0,0,2058,2505,378,0,0,0,1244,177,0,0,0,0,2
1587,1971,1566,47,0,1529,1969,1529,0,0,0,922,355,0,0,0,0,423,2
1583,1963,1561,50,0,1335,1996,1906,0,0,0,0,1057,0,0,0,0,0,2
1593,2009,2028,883,0,0,2047,2506,570,0,0,0,1286,368,0,0,0,0,2
1593,1991,1577,0,0,1572,1939,562,0,0,0,1376,11,0,0,0,0,1254,2
1535,1685,94,0,1103,1901,861,0,0,0,316,1829,0,0,0,0,0,1659,2
1582,1915,401,0,48,1871,1456,6,0,0,9,1802,0,0,0,0,0,1659,2
1513,1403,0,0,1727,1908,730,0,0,0,484,1827,0,0,0,0,151,1670,2
1502,1490,130,0,950,1901,1130,0,0,0,317,1825,0,0,0,0,880,1685,2
1470,1325,167,0,1485,1901,870,0,0,0,805,1854,0,0,0,0,631,1701,2
1510,1429,0,0,1712,1902,871,0,0,0,437,1805,0,0,0,0,77,1553,2
1486,1362,244,0,1291,1889,1152,0,0,0,58,1808,0,0,0,0,0,1472,2
1512,1417,7,0,1280,1871,1168,35,0,0,39,1461,0,0,0,0,0,1231,2
1486,1425,221,0,1077,1899,1321,54,0,0,0,1765,0,0,0,0,0,1316,2
1513,1616,299,0,578,1881,1257,25,0,0,5,1808,0,0,0,0,151,1674,2
1470,1306,1,0,1668,1895,989,0,0,0,63,1808,0,0,0,0,0,1665,2
1490,1350,0,0,1648,1904,863,0,0,0,551,1822,0,0,0,0,274,1674,2
1456,1023,0,0,2090,1934,0,0,0,26,2528,1886,0,0,0,214,2059,1742,2
0,0,822,2288,2288,1972,0,0,95,2651,2647,1908,0,0,330,1743,2110,1710,2
0,139,2246,2346,2304,1970,0,163,2669,2713,2650,1898,0,368,1818,1765,2062,1680,2
0,479,2262,2352,2308,1974,0,0,2192,2703,2658,1904,0,0,77,1664,2087,1701,2
826,0,17,1907,2227,1943,0,0,0,2143,2579,1872,0,0,0,932,2027,1680,2
630,0,0,1418,2185,1920,0,0,0,48,2141,1833,0,0,0,2,1522,1634,2
682,1085,54,143,1763,1865,227,0,0,0,1737,1787,0,0,0,0,656,1582,2
971,1264,231,0,1383,1839,527,0,0,0,407,1535,0,0,0,0,192,1263,2
898,1396,709,0,182,1584,1200,442,0,0,0,1214,48,0,0,0,0,955,2
1500,1811,1099,0,119,1472,1520,717,0,0,0,1039,155,0,0,0,0,194,2
1516,1895,1524,266,0,989,1910,1715,125,0,0,0,1037,208,0,0,0,0,2
1535,1950,1722,659,0,0,1968,2002,406,0,0,0,1082,466,16,0,0,0,2
1520,1892,1507,222,3,1358,1689,816,0,0,0,1243,46,0,0,0,27,1200,2
1495,1847,1398,80,61,1335,1875,1509,93,0,0,0,1041,304,0,0,0,0,2
1561,1982,1982,1146,16,0,2022,2369,1009,48,0,0,1287,1151,94,0,0,0,2
1567,1984,1984,1072,4,0,1998,2064,443,0,0,0,1074,414,0,0,0,0,2
1531,1905,1520,207,0,1182,1858,1168,0,0,0,448,284,0,0,0,0,534,2
1487,1479,339,0,270,1761,1203,174,0,0,163,1453,0,0,0,0,247,1443,2
1421,1239,14,0,1488,1860,606,0,0,0,689,1764,0,0,0,0,276,1514,2
1447,1366,290,0,386,1753,1272,416,0,0,34,1229,80,0,0,0,0,240,2
1509,1885,1488,167,0,1168,1872,1363,42,0,0,113,862,48,0,0,0,0,2
1553,1951,1674,498,0,0,1974,2027,442,0,0,0,1147,533,43,0,0,0,2
1567,1968,1767,609,0,0,1943,1954,315,0,0,0,1035,171,0,0,0,0,2
1502,1744,611,0,187,1711,1223,325,0,0,129,1333,0,0,0,0,100,1197,2
1493,1801,1163,0,100,1403,1717,1102,16,0,0,204,882,51,0,0,0,0,2
1525,1904,1535,287,0,764,1914,1690,123,0,0,17,947,58,0,0,0,0,2
1521,1878,1380,0,20,1307,1772,1045,0,0,0,375,490,27,0,0,0,25,2
1526,1883,1425,12,18,1349,1728,921,0,0,0,784,109,0,0,0,0,808,2
1486,1437,313,0,438,1782,1162,83,0,0,256,1650,0,0,0,0,295,1566,2
1421,1223,0,11,1665,1867,319,0,0,0,1661,1792,0,0,0,0,1435,1616,2
1069,236,0,403,2112,1906,0,0,0,219,1901,1818,0,0,0,0,1293,1619,2
1486,1328,0,0,1375,1867,912,0,0,0,205,1738,0,0,0,0,83,1263,2
1530,1767,394,0,141,1719,1510,421,0,0,0,1169,65,0,0,0,0,370,2
1568,1958,1556,34,0,1023,1939,1456,0,0,0,0,992,0,0,0,0,0,2
1575,1981,1712,282,0,83,1997,1957,100,0,0,0,1081,153,0,0,0,0,2
1589,2000,1895,445,0,0,2019,2095,357,0,0,0,1261,455,0,0,0,0,2
1605,2022,2071,1301,0,0,2043,2442,784,0,0,0,1296,714,18,0,0,0,2
1598,1990,1840,363,0,39,1967,1866,53,0,0,0,975,7,0,0,0,0,2
1531,1875,1090,0,75,1497,1531,490,0,0,0,1283,15,0,0,0,0,1187,2
1495,1674,405,0,194,1744,1314,240,0,0,98,1373,0,0,0,0,175,1293,2
1488,1424,263,0,692,1829,1225,96,0,0,82,1346,0,0,0,0,0,1173,2
1535,1884,1203,0,0,1463,1817,909,0,0,0,374,751,0,0,0,0,0,2
1530,1866,1007,0,99,1573,1391,371,0,0,70,1361,0,0,0,0,229,1494,2
1380,811,0,112,1865,1886,37,0,0,134,1949,1818,0,0,0,256,1859,1634,2
843,39,8,1606,2182,1916,0,0,0,465,2443,1838,0,0,0,63,1579,1625,2
1418,1206,13,0,1726,1869,973,0,0,0,196,1567,0,0,0,0,0,1307,2
1520,1883,1392,13,0,1463,1907,1533,32,0,0,95,1022,48,0,0,0,0,2
1511,1767,686,0,160,1727,1255,190,0,0,336,1712,0,0,0,0,1135,1617,2
1001,270,0,421,2075,1895,0,0,0,274,1968,1813,0,0,0,0,1535,1616,2
1433,1328,244,0,1283,1838,1188,159,0,0,112,1411,0,0,0,0,0,1310,2
1521,1895,1441,64,0,1413,1899,1379,11,0,0,455,717,6,0,0,0,562,2
1488,1456,304,0,624,1821,1187,52,0,0,213,1666,0,0,0,0,272,1599,2
1377,610,0,169,2009,1900,0,0,0,235,1983,1825,0,0,0,13,1556,1645,2
1446,1243,0,0,1463,1857,1056,0,0,0,143,1499,0,0,0,0,0,1228,2
1535,1916,1446,0,0,1306,1918,1270,0,0,0,234,499,0,0,0,0,526,2
1482,1372,208,0,1319,1853,718,0,0,0,1081,1776,0,0,0,0,1086,1615,2
1383,967,0,11,1713,1862,657,0,0,0,381,1667,0,0,0,0,204,1284,2
1483,1472,362,0,194,1643,1389,505,0,0,0,1195,90,0,0,0,0,265,2
1516,1886,1481,133,19,1343,1665,869,0,0,0,1241,50,0,0,0,125,1244,2
1399,1182,6,114,1712,1870,206,0,0,179,1830,1791,0,0,0,0,1126,1603,2
1344,910,0,112,1670,1856,546,0,0,0,1151,1755,0,0,0,0,289,1421,2
1415,1246,69,0,1591,1846,715,0,0,0,1133,1764,0,0,0,0,915,1607,2
962,328,0,272,1979,1881,21,0,0,382,1987,1813,0,0,0,311,1782,1631,2
645,0,78,1787,2176,1904,0,0,0,1990,2537,1836,0,0,0,942,1955,1634,2
852,182,0,739,2071,1882,14,0,0,289,1951,1808,0,0,0,48,1583,1616,2
1047,415,0,164,1783,1872,0,0,0,47,1922,1795,0,0,0,0,1515,1616,2
1118,454,0,162,1768,1868,139,0,0,47,1375,1776,0,0,0,0,333,1488,2
1414,1310,219,0,832,1783,1103,176,0,0,162,1363,0,0,0,0,211,1238,2
1445,1381,331,0,199,1584,1309,475,0,0,18,1149,17,0,0,0,0,299,2
1498,1860,1405,17,0,822,1488,1429,32,0,0,0,161,64,0,0,0,0,2
1511,1873,1183,0,0,1147,1258,896,0,0,0,449,283,0,0,0,0,1141,2
1423,911,0,0,1449,1872,208,0,0,0,1120,1800,0,0,0,0,1443,1633,2
912,0,0,739,2171,1934,0,0,0,534,2529,1854,0,0,0,832,1964,1648,2
497,0,130,1901,2192,1923,0,0,51,1878,2511,1834,0,0,0,294,1872,1627,2
1423,911,0,12,1753,1879,304,0,0,0,1100,1790,0,0,0,0,1355,1616,2
48,0,144,2089,2224,1935,0,0,38,1856,2527,1842,0,0,0,250,1909,1632,2
1392,982,0,0,1495,1861,846,0,0,0,112,1685,0,0,0,0,23,1248,2
1489,1738,449,0,70,1633,1615,629,0,0,0,373,829,30,0,0,0,0,2
1535,1957,1651,293,0,0,1991,2041,400,0,0,0,1249,607,34,0,0,0,2
1579,1999,2045,1317,0,0,2025,2507,1088,16,0,0,1297,1731,132,0,0,0,2
1584,2011,2079,1488,16,0,2033,2547,1281,25,0,0,1288,1534,91,0,0,0,2
1566,1975,1801,327,0,16,1943,1930,114,0,0,0,1007,70,0,0,0,135,2
1488,1563,296,0,271,1797,1229,144,0,0,82,1602,0,0,0,0,189,1584,2
1409,1102,0,16,1717,1874,181,0,0,2,1661,1796,0,0,0,0,1449,1617,2
885,0,0,1199,2161,1914,0,0,0,457,2499,1839,0,0,0,270,1930,1642,2
846,0,0,982,2144,1904,0,0,0,48,1805,1797,0,0,0,0,915,1606,2
1452,1325,0,0,1008,1843,1201,73,0,0,33,1373,0,0,0,0,0,1190,2
1505,1822,681,0,30,1585,1719,706,0,0,0,329,794,16,0,0,0,0,2
1535,1938,1564,157,0,430,1936,1935,197,0,0,0,1090,460,0,0,0,0,2
1569,1981,1919,540,0,0,1999,2077,398,0,0,0,1097,434,0,0,0,0,2
1499,1856,862,0,73,1649,1405,469,0,0,0,1264,36,0,0,0,47,1264,2
1424,1250,0,0,1389,1857,703,0,0,0,496,1771,0,0,0,0,912,1599,2
1149,256,0,170,2033,1899,0,0,0,110,1857,1811,0,0,0,15,1471,1617,2
1424,1221,0,0,1296,1855,1015,0,0,0,80,1443,0,0,0,0,0,1180,2
1515,1868,1127,0,0,1422,1826,923,0,0,0,143,932,39,0,0,0,0,2
1535,1952,1643,269,0,30,1979,2002,346,0,0,0,1205,538,16,0,0,0,2
1574,2007,2026,988,0,0,2020,2306,605,0,0,0,1269,784,43,0,0,0,2
1563,1964,1650,254,0,327,1934,1891,77,0,0,0,1040,245,0,0,0,0,2
1558,1952,1625,240,0,107,1971,1994,333,0,0,0,1218,532,11,0,0,0,2
1565,1977,1815,350,0,0,1981,1999,289,0,0,0,1071,378,0,0,0,0,2
1527,1892,1430,0,0,1285,1869,1037,0,0,0,287,689,2,0,0,0,569,2
1509,1776,483,0,89,1717,1347,420,0,0,0,1274,30,0,0,0,0,1239,2
1446,1295,0,0,1351,1859,599,0,0,0,650,1776,0,0,0,0,1121,1606,2
1110,229,0,237,2082,1903,0,0,0,240,2029,1822,0,0,0,181,1850,1634,2
834,0,30,1557,2183,1921,0,0,5,1155,2525,1846,0,0,0,997,1954,1651,2
0,0,235,2141,2225,1936,0,0,91,2207,2557,1859,0,0,48,1343,1965,1651,2
973,163,0,208,2054,1900,53,0,0,0,1126,1777,0,0,0,0,192,1581,2
1479,1438,254,0,338,1789,1267,331,0,0,0,1262,70,0,0,0,0,962,2
1533,1915,1520,64,0,586,1936,1925,154,0,0,0,1102,432,0,0,0,0,2
1574,1989,2003,845,0,0,2017,2217,474,0,0,0,1203,503,0,0,0,0,2
1520,1863,791,0,80,1718,1339,400,0,0,0,1261,62,0,0,0,0,704,2
1553,1938,1572,197,0,486,1935,1902,131,0,0,0,1060,371,0,0,0,0,2
1559,1952,1629,263,0,140,1951,1964,262,0,0,0,1084,422,0,0,0,0,2
1563,1964,1679,303,0,2,1968,1981,301,0,0,0,1075,363,0,0,0,0,2
1522,1874,1102,0,19,1575,1598,544,0,0,0,1161,86,0,0,0,0,1143,2
1491,1463,231,0,706,1839,1136,0,0,0,147,1753,0,0,0,0,219,1586,2
1411,839,0,95,1934,1890,26,0,0,73,1856,1810,0,0,0,29,1499,1621,2
1408,995,0,0,1402,1858,1105,16,0,0,39,1377,16,0,0,0,0,1202,2
1513,1861,1002,0,6,1455,1805,894,0,0,0,228,905,48,0,0,0,142,2
1529,1906,1495,0,0,896,1934,1890,149,0,0,0,1091,486,11,0,0,0,2
1591,1998,2032,1040,0,0,2023,2368,708,0,0,0,1287,1214,73,0,0,0,2
1598,2018,2081,1507,19,0,2043,2559,1618,64,0,0,1309,1811,262,0,0,0,2
1604,2032,2116,1607,191,0,2055,2559,1589,39,0,0,1299,1568,80,0,0,0,2
1574,1998,2018,933,0,0,2034,2496,1014,0,0,0,1303,1802,223,0,0,0,2
1581,1985,1825,326,0,64,1946,1904,67,0,0,0,986,37,0,0,0,797,2
1447,1280,0,0,1420,1860,542,0,0,0,679,1776,0,0,0,0,1032,1606,2
1002,165,0,572,2142,1911,0,0,0,225,2031,1822,0,0,0,3,1451,1618,2
1483,1453,218,0,174,1778,1406,434,0,0,0,1087,247,0,0,0,0,235,2
1555,1957,1616,175,0,267,1975,1969,231,0,0,0,1184,487,0,0,0,0,2
1597,2003,2032,912,0,0,2026,2241,462,0,0,0,1233,501,0,0,0,0,2
1552,1904,1402,0,0,1351,1889,1115,0,0,0,0,1041,231,0,0,0,0,2
1594,2007,2079,1457,0,0,2055,2558,1297,6,0,0,1302,1518,68,0,0,0,2
1571,1968,1635,60,0,853,1922,1350,0,0,0,407,390,0,0,0,0,1018,2
1535,1904,1372,0,0,1266,1920,1485,0,0,0,0,1058,295,0,0,0,0,2
1584,2025,1833,348,0,0,2016,2075,346,0,0,0,1235,483,0,0,0,0,2
1602,2017,2067,1314,0,0,2045,2501,862,0,0,0,1287,941,22,0,0,0,2
1568,1963,1616,82,0,903,1925,1616,0,0,0,0,1015,65,0,0,0,0,2
1587,2013,2064,1249,0,0,2032,2384,540,0,0,0,1250,496,0,0,0,0,2
1535,1903,1419,0,0,1415,1587,543,0,0,0,1238,44,0,0,0,4,1204,2
1437,1251,0,0,1461,1865,488,0,0,0,944,1776,0,0,0,0,1438,1619,2
867,0,5,1226,2167,1910,0,0,0,318,2215,1822,0,0,0,43,1502,1619,2
1431,1277,0,0,1136,1841,1168,48,0,0,51,1354,16,0,0,0,0,1146,2
1531,1913,1510,2,0,813,1936,1879,108,0,0,0,1079,438,0,0,0,0,2
1583,1991,1984,688,0,0,1999,2026,359,0,0,0,1067,373,0,0,0,0,2
1552,1936,1582,233,0,129,1967,2000,368,0,0,0,1238,560,25,0,0,0,2
1555,1945,1590,197,0,765,1910,1535,0,0,0,68,784,16,0,0,0,511,2
1493,1566,310,0,192,1770,1253,258,0,0,48,1344,0,0,0,0,124,1378,2
1434,1266,0,0,1453,1866,437,0,0,0,954,1777,0,0,0,0,912,1601,2
1392,680,0,94,1924,1888,59,0,0,16,1730,1799,0,0,0,0,1003,1603,2
1456,1328,5,0,975,1840,1206,80,0,0,15,1327,14,0,0,0,0,1184,2
1507,1716,402,0,77,1705,1584,545,0,0,0,499,660,0,0,0,0,0,2
1565,1962,1634,162,0,270,1986,1968,153,0,0,0,1173,428,0,0,0,0,2
1589,2000,1962,497,0,0,2013,2041,257,0,0,0,1067,256,0,0,0,0,2
1519,1735,409,0,96,1753,1410,422,0,0,0,1167,80,0,0,0,0,573,2
1554,1936,1520,0,0,867,1937,1808,17,0,0,0,1077,346,0,0,0,0,2
1585,2007,2057,1078,0,0,2032,2423,718,0,0,0,1296,1632,80,0,0,0,2
1607,2055,2124,1557,0,0,2043,2501,717,0,0,0,1254,451,0,0,0,0,2
1535,1903,1209,0,0,1644,1535,447,0,0,0,1247,15,0,0,0,0,1232,2
1466,1277,0,0,1535,1881,321,0,0,0,1180,1795,0,0,0,0,1382,1623,2
1082,187,0,310,2136,1913,0,0,0,184,2042,1825,0,0,0,18,1533,1629,2
1424,1136,0,0,1526,1869,739,0,0,0,112,1665,0,0,0,0,43,1233,2
1497,1783,724,0,55,1499,1664,752,0,0,0,162,880,37,0,0,0,0,2
1535,1925,1533,153,0,731,1923,1776,58,0,0,0,1040,243,0,0,0,0,2
1526,1878,1137,0,58,1655,1359,400,0,0,15,1322,0,0,0,0,79,1279,2
1479,1408,215,0,832,1839,1133,8,0,0,112,1691,0,0,0,0,172,1557,2
1477,1501,298,0,128,1757,1322,364,0,0,0,1264,30,0,0,0,0,1163,2
1522,1883,1274,0,0,1385,1850,901,0,0,0,144,757,0,0,0,0,19,2
1535,1906,1445,0,0,1195,1904,1347,0,0,0,0,1050,224,0,0,0,0,2
1582,1983,1747,282,0,0,2002,2064,341,0,0,0,1275,701,26,0,0,0,2
1601,2033,2098,1469,0,0,2030,2495,755,0,0,0,1280,631,6,0,0,0,2
1569,1968,1651,223,0,332,1938,1833,22,0,0,0,1023,72,0,0,0,0,2
1534,1885,752,0,9,1646,1619,532,0,0,0,689,350,0,0,0,0,0,2
1581,1986,1779,304,0,0,2007,2064,334,0,0,0,1259,511,0,0,0,0,2
1601,2021,2074,1356,0,0,2039,2520,974,0,0,0,1299,1717,85,0,0,0,2
1600,2020,2064,1223,0,0,2025,2179,415,0,0,0,1216,427,0,0,0,0,2
1563,1962,1593,80,0,539,1949,1888,54,0,0,0,1081,356,0,0,0,0,2
1597,2027,2087,1451,0,0,2061,2557,1194,0,0,0,1297,1475,54,0,0,0,2
1568,1948,1535,42,0,1079,1904,1201,0,0,0,51,847,17,0,0,0,0,2
1560,1945,1575,219,0,210,1958,1969,292,0,0,0,1232,547,23,0,0,0,2
1607,2032,2096,1534,64,0,2053,2559,1424,29,0,0,1306,1643,78,0,0,0,2
1562,1958,1584,66,0,1007,1909,1189,0,0,0,115,688,0,0,0,0,20,2
1552,1943,1559,97,0,699,1930,1809,64,0,0,0,1065,414,0,0,0,0,2
1568,1982,2000,944,0,0,2000,2068,423,0,0,0,1082,457,0,0,0,0,2
1535,1901,1412,0,0,1359,1786,735,0,0,0,811,97,0,0,0,0,1013,2
1488,1360,7,0,1331,1862,292,0,0,10,1716,1797,0,0,0,3,1445,1617,2
1442,1282,0,0,1067,1844,1120,11,0,0,64,1363,0,0,0,0,0,1175,2
1505,1759,609,0,68,1590,1525,558,0,0,0,703,236,0,0,0,0,220,2
1505,1609,318,0,243,1806,1201,48,0,0,111,1668,0,0,0,0,185,1579,2
1501,1617,443,0,74,1513,1649,715,0,0,0,242,653,11,0,0,0,0,2
1554,1939,1596,273,0,102,1956,1974,320,0,0,0,1211,547,38,0,0,0,2
1583,2007,2055,1374,0,0,2017,2123,464,0,0,0,1086,392,0,0,0,0,2
1535,1925,1535,223,0,357,1947,1939,237,0,0,0,1201,533,29,0,0,0,2
1584,1986,1904,451,0,0,1950,1905,77,0,0,0,889,17,0,0,0,320,2
1514,1675,370,0,115,1739,1296,267,0,0,49,1357,0,0,0,0,144,1457,2
1453,1291,0,0,1187,1846,1098,10,0,0,49,1319,8,0,0,0,0,839,2
1552,1935,1524,50,0,784,1934,1620,2,0,0,0,919,7,0,0,0,0,2
